experiment_state_timestamp,save_interval_secs,last_save_timestamp,temperature_1_C,humidity_1,egg_turning_on,target_temperature,cooling_start_temperature,heating_proportional_Cf,heating_integral_Cf,heating_derivitive_Cf,target_humidity,range_humidity,control_change_minimum_secs,last_control_change_timestamp,last_fan_on_timestamp,last_turner_change_timestamp,front_switch,rear_switch,near_switch,far_switch,exhaust_on,humidifyer_on,heater_on,fan_on
1768421185.8923664,20,1769601690.8911862,37.49,0.579,True,37.5,38.2,0.95,0.005,0.0,0.6,0.03,2,1769601710.8570096,1769601675.9360251,0,0,1,0,1,0,0,1,False
1768421185.8923664,20,1769601711.2438667,37.48,0.5726,True,37.5,38.2,0.95,0.005,0.0,0.6,0.03,2,1769601731.1147785,1769601675.9360251,0,0,1,0,1,0,0,1,False
1768421185.8923664,20,1769601731.5032597,37.55,0.5688000000000001,True,37.5,38.2,0.95,0.005,0.0,0.6,0.03,2,1769601751.4611886,1769601675.9360251,0,0,1,0,1,0,1,0,False
1768421185.8923664,20,1769601751.5366218,37.6,0.5829,True,37.5,38.2,0.95,0.005,0.0,0.6,0.03,2,1769601771.4846427,1769601675.9360251,0,0,1,0,1,0,0,0,False
1768421185.8923664,20,1769601771.5631268,37.6,0.5795,True,37.5,38.2,0.95,0.005,0.0,0.6,0.03,2,1769601791.551813,1769601675.9360251,0,0,1,0,1,0,0,0,False
1768421185.8923664,20,1769601791.6255598,37.59,0.5724,True,37.5,38.2,0.95,0.005,0.0,0.6,0.03,2,1769601811.604736,1769601675.9360251,0,0,1,0,1,0,0,0,False
1768421185.8923664,20,1769601811.6762497,37.66,0.5704,True,37.5,38.2,0.95,0.005,0.0,0.6,0.03,2,1769601831.6545882,1769601675.9360251,0,0,1,0,1,0,0,0,False
1768421185.8923664,20,1769601831.7252946,37.65,0.5818,True,37.5,38.2,0.95,0.005,0.0,0.6,0.03,2,1769601851.7132096,1769601675.9360251,0,0,1,0,1,0,0,0,False
1768421185.8923664,20,1769601851.7919307,37.63,0.5779,True,37.5,38.2,0.95,0.005,0.0,0.6,0.03,2,1769601871.737131,1769601855.938772,0,0,1,0,1,0,0,0,False
1768421185.8923664,20,1769601871.8076394,37.63,0.5707,True,37.5,38.2,0.95,0.005,0.0,0.6,0.03,2,1769601891.746476,1769601855.938772,0,0,1,0,1,0,0,0,False
1768421185.8923664,20,1769601891.8182583,37.59,0.5734,True,37.5,38.2,0.95,0.005,0.0,0.6,0.03,2,1769601911.7844813,1769601855.938772,0,0,1,0,1,0,0,0,False
1768421185.8923664,20,1769601911.8576133,37.55,0.5808,True,37.5,38.2,0.95,0.005,0.0,0.6,0.03,2,1769601931.8377373,1769601855.938772,0,0,1,0,1,0,0,0,False
1768421185.8923664,20,1769601931.9082818,37.5,0.5763,True,37.5,38.2,0.95,0.005,0.0,0.6,0.03,2,1769601951.6890604,1769601855.938772,0,0,1,0,1,0,0,0,False
1768421185.8923664,20,1769601951.9122622,37.5,0.5695,True,37.5,38.2,0.95,0.005,0.0,0.6,0.03,2,1769601970.8494122,1769601855.938772,0,0,1,0,1,False,True,1,False
1768421185.8923664,20,1769601972.0062413,37.47,0.5778,True,37.5,38.2,0.95,0.005,0.0,0.6,0.03,2,1769601991.8864608,1769601855.938772,0,0,1,0,1,0,0,1,False
1768421185.8923664,20,1769601992.2682655,37.46,0.5817,True,37.5,38.2,0.95,0.005,0.0,0.6,0.03,2,1769602012.1983411,1769601855.938772,0,0,1,0,1,0,0,1,False
1768421185.8923664,20,1769602012.578291,37.43,0.5776,True,37.5,38.2,0.95,0.005,0.0,0.6,0.03,2,1769602032.458771,1769601855.938772,0,0,1,0,1,0,0,1,False
1768421185.8923664,20,1769602032.8473542,37.42,0.5708,True,37.5,38.2,0.95,0.005,0.0,0.6,0.03,2,1769602052.7370117,1769602036.3017087,0,0,1,0,1,0,0,1,False
1768421185.8923664,20,1769602053.118081,37.45,0.5735,True,37.5,38.2,0.95,0.005,0.0,0.6,0.03,2,1769602073.0536509,1769602036.3017087,0,0,1,0,1,0,0,1,False
1768421185.8923664,20,1769602073.4466724,37.4,0.584,True,37.5,38.2,0.95,0.005,0.0,0.6,0.03,2,1769602093.247967,1769602036.3017087,0,0,1,0,1,0,0,1,False
1768421185.8923664,20,1769602093.6284635,37.34,0.5808,True,37.5,38.2,0.95,0.005,0.0,0.6,0.03,2,1769602113.575109,1769602036.3017087,0,0,1,0,1,0,0,1,False
1768421185.8923664,20,1769602113.9633055,37.4,0.5749000000000001,True,37.5,38.2,0.95,0.005,0.0,0.6,0.03,2,1769602133.8524027,1769602036.3017087,0,0,1,0,1,0,0,1,False
1768421185.8923664,20,1769602134.2344408,37.34,0.5683,True,37.5,38.2,0.95,0.005,0.0,0.6,0.03,2,1769602154.130323,1769602036.3017087,0,0,1,0,1,False,True,1,False
1768421185.8923664,20,1769602154.5154276,37.38,0.5824,True,37.5,38.2,0.95,0.005,0.0,0.6,0.03,2,1769602174.4899762,1769602036.3017087,0,0,1,0,1,0,0,1,False
1768421185.8923664,20,1769602174.8799207,37.41,0.5836,True,37.5,38.2,0.95,0.005,0.0,0.6,0.03,2,1769602194.787639,1769602036.3017087,0,0,1,0,1,0,0,1,False
1768421185.8923664,20,1769602195.1694963,37.38,0.5779,True,37.5,38.2,0.95,0.005,0.0,0.6,0.03,2,1769602215.0187714,1769602036.3017087,0,0,1,0,1,0,0,1,False
1768421185.8923664,20,1769602215.4015884,37.42,0.5708,True,37.5,38.2,0.95,0.005,0.0,0.6,0.03,2,1769602235.3799088,1769602216.5522716,0,0,1,0,1,0,0,1,False
1768421185.8923664,20,1769602235.769469,37.43,0.5747,True,37.5,38.2,0.95,0.005,0.0,0.6,0.03,2,1769602255.6044514,1769602216.5522716,0,0,1,0,1,0,0,1,False
1768421185.8923664,20,1769602255.9843183,37.44,0.5846,True,37.5,38.2,0.95,0.005,0.0,0.6,0.03,2,1769602275.854366,1769602216.5522716,0,0,1,0,1,0,0,1,False
1768421185.8923664,20,1769602276.237477,37.46,0.5804,True,37.5,38.2,0.95,0.005,0.0,0.6,0.03,2,1769602296.1980536,1769602216.5522716,0,0,1,0,1,0,0,1,False
1768421185.8923664,20,1769602296.583321,37.47,0.574,True,37.5,38.2,0.95,0.005,0.0,0.6,0.03,2,1769602316.5298932,1769602216.5522716,0,0,1,0,1,0,0,1,False
1768421185.8923664,20,1769602316.9133246,37.49,0.5679,True,37.5,38.2,0.95,0.005,0.0,0.6,0.03,2,1769602336.7465641,1769602216.5522716,0,0,1,0,1,False,True,1,False
1768421185.8923664,20,1769602337.1294742,37.5,0.5835,True,37.5,38.2,0.95,0.005,0.0,0.6,0.03,2,1769602357.0385656,1769602216.5522716,0,0,1,0,1,0,0,0,False
1768421185.8923664,20,1769602357.1789997,37.53,0.5815,True,37.5,38.2,0.95,0.005,0.0,0.6,0.03,2,1769602377.1521535,1769602216.5522716,0,0,1,0,1,0,0,0,False
1768421185.8923664,20,1769602377.2310839,37.53,0.5744,True,37.5,38.2,0.95,0.005,0.0,0.6,0.03,2,1769602397.164099,1769602396.6075387,0,0,1,0,1,0,0,0,True
1768421185.8923664,20,1769602397.2349174,37.55,0.5672,True,37.5,38.2,0.95,0.005,0.0,0.6,0.03,2,1769602417.205441,1769602396.6075387,0,0,1,0,1,0,1,0,False
1768421185.8923664,20,1769602417.2821984,37.58,0.5813,True,37.5,38.2,0.95,0.005,0.0,0.6,0.03,2,1769602437.2478366,1769602396.6075387,0,0,1,0,1,0,0,0,False
1768421185.8923664,20,1769602437.3176541,37.59,0.5792,True,37.5,38.2,0.95,0.005,0.0,0.6,0.03,2,1769602457.2689161,1769602396.6075387,0,0,1,0,1,0,0,0,False
1768421185.8923664,20,1769602457.3398256,37.6,0.5726,True,37.5,38.2,0.95,0.005,0.0,0.6,0.03,2,1769602477.3187623,1769602396.6075387,0,0,1,0,1,0,0,0,False
1768421185.8923664,20,1769602477.397223,37.59,0.5696,True,37.5,38.2,0.95,0.005,0.0,0.6,0.03,2,1769602497.3751876,1769602396.6075387,0,0,1,0,1,0,1,0,False
1768421185.8923664,20,1769602497.448989,37.57,0.5816,True,37.5,38.2,0.95,0.005,0.0,0.6,0.03,2,1769602517.4280837,1769602396.6075387,0,0,1,0,1,0,0,0,False
1768421185.8923664,20,1769602517.4983442,37.53,0.5784,True,37.5,38.2,0.95,0.005,0.0,0.6,0.03,2,1769602537.4821827,1769602396.6075387,0,0,1,0,1,0,0,0,False
1768421185.8923664,20,1769602537.559483,37.49,0.5723,True,37.5,38.2,0.95,0.005,0.0,0.6,0.03,2,1769602557.4832425,1769602396.6075387,0,0,1,0,1,0,0,1,False
1768421185.8923664,20,1769602557.8669596,37.5,0.569,True,37.5,38.2,0.95,0.005,0.0,0.6,0.03,2,1769602577.3470476,1769602576.9599223,0,0,1,0,1,False,True,1,True
1768421185.8923664,20,1769602578.1106572,37.48,0.5833,True,37.5,38.2,0.95,0.005,0.0,0.6,0.03,2,1769602598.0460346,1769602576.9599223,0,0,1,0,1,0,0,1,False
1768421185.8923664,20,1769602598.4256551,37.45,0.5816,True,37.5,38.2,0.95,0.005,0.0,0.6,0.03,2,1769602618.3482409,1769602576.9599223,0,0,1,0,1,0,0,1,False
1768421185.8923664,20,1769602618.7327209,37.44,0.5757,True,37.5,38.2,0.95,0.005,0.0,0.6,0.03,2,1769602638.6402516,1769602576.9599223,0,0,1,0,1,0,0,1,False
1768421185.8923664,20,1769602639.0292346,37.4,0.5696,True,37.5,38.2,0.95,0.005,0.0,0.6,0.03,2,1769602658.9451337,1769602576.9599223,0,0,1,0,1,False,True,1,False
1768421185.8923664,20,1769602659.3295588,37.42,0.5793,True,37.5,38.2,0.95,0.005,0.0,0.6,0.03,2,1769602679.2529278,1769602576.9599223,0,0,1,0,1,0,0,1,False
1768421185.8923664,20,1769602679.6344411,37.43,0.5837,True,37.5,38.2,0.95,0.005,0.0,0.6,0.03,2,1769602699.5184884,1769602576.9599223,0,0,1,0,1,0,0,1,False
1768421185.8923664,20,1769602699.901806,37.39,0.5786,True,37.5,38.2,0.95,0.005,0.0,0.6,0.03,2,1769602719.822152,1769602576.9599223,0,0,1,0,1,0,0,1,False
1768421185.8923664,20,1769602720.2037945,37.41,0.5723,True,37.5,38.2,0.95,0.005,0.0,0.6,0.03,2,1769602740.1801648,1769602576.9599223,0,0,1,0,1,0,0,1,False
1768421185.8923664,20,1769602740.580131,37.39,0.5698,True,37.5,38.2,0.95,0.005,0.0,0.6,0.03,2,1769602760.4086237,1769602756.9832525,0,0,1,0,1,False,True,1,True
1768421185.8923664,20,1769602760.7903585,37.43,0.5838,True,37.5,38.2,0.95,0.005,0.0,0.6,0.03,2,1769602780.7291617,1769602756.9832525,0,0,1,0,1,0,0,1,False
1768421185.8923664,20,1769602781.1177735,37.45,0.5804,True,37.5,38.2,0.95,0.005,0.0,0.6,0.03,2,1769602800.7466862,1769602756.9832525,0,0,1,0,1,0,0,1,False
1768421185.8923664,20,1769602801.1431265,37.45,0.5739,True,37.5,38.2,0.95,0.005,0.0,0.6,0.03,2,1769602820.9845831,1769602756.9832525,0,0,1,0,1,0,0,1,False
1768421185.8923664,20,1769602821.3727303,37.45,0.5672,True,37.5,38.2,0.95,0.005,0.0,0.6,0.03,2,1769602841.3427763,1769602756.9832525,0,0,1,0,1,False,True,1,False
1768421185.8923664,20,1769602841.7303667,37.47,0.5836,True,37.5,38.2,0.95,0.005,0.0,0.6,0.03,2,1769602861.3642862,1769602756.9832525,0,0,1,0,1,0,0,1,False
1768421185.8923664,20,1769602861.755914,37.48,0.5828,True,37.5,38.2,0.95,0.005,0.0,0.6,0.03,2,1769602881.5375907,1769602756.9832525,0,0,1,0,1,0,0,1,False
1768421185.8923664,20,1769602881.9250593,37.49,0.5768,True,37.5,38.2,0.95,0.005,0.0,0.6,0.03,2,1769602901.9203665,1769602756.9832525,0,0,1,0,1,0,0,1,False
1768421185.8923664,20,1769602902.314268,37.5,0.5697,True,37.5,38.2,0.95,0.005,0.0,0.6,0.03,2,1769602921.9550908,1769602756.9832525,0,0,1,0,1,0,0,0,False
1768421185.8923664,20,1769602922.3851738,37.53,0.5757,True,37.5,38.2,0.95,0.005,0.0,0.6,0.03,2,1769602942.3695178,1769602937.01108,0,0,1,0,1,False,0,0,False
1768421185.8923664,20,1769602942.4480643,37.53,0.5822,True,37.5,38.2,0.95,0.005,0.0,0.6,0.03,2,1769602962.3873856,1769602937.01108,0,0,1,0,1,False,0,0,False
1768421185.8923664,20,1769602962.4603546,37.56,0.5764,True,37.5,38.2,0.95,0.005,0.0,0.6,0.03,2,1769602982.4466364,1769602937.01108,0,0,1,0,1,False,0,0,False
1768421185.8923664,20,1769602982.529162,37.57,0.5683,True,37.5,38.2,0.95,0.005,0.0,0.6,0.03,2,1769603002.466327,1769602937.01108,0,0,1,0,1,False,1,0,False
1768421185.8923664,20,1769603002.5380573,37.57,0.5795,True,37.5,38.2,0.95,0.005,0.0,0.6,0.03,2,1769603022.5155182,1769602937.01108,0,0,1,0,1,False,0,0,False
1768421185.8923664,20,1769603022.5894775,37.6,0.5805,True,37.5,38.2,0.95,0.005,0.0,0.6,0.03,2,1769603042.5062175,1769602937.01108,0,0,1,0,1,False,0,0,False
1768421185.8923664,20,1769603042.5976198,37.53,0.5742,True,37.5,38.2,0.95,0.005,0.0,0.6,0.03,2,1769603062.5862103,1769602937.01108,0,0,1,0,1,False,0,0,False
1768421185.8923664,20,1769603062.6601813,37.55,0.5674,True,37.5,38.2,0.95,0.005,0.0,0.6,0.03,2,1769603082.6298203,1769602937.01108,0,0,1,0,1,False,1,0,False
1768421185.8923664,20,1769603082.70864,37.5,0.5810000000000001,True,37.5,38.2,0.95,0.005,0.0,0.6,0.03,2,1769603102.4652553,1769602937.01108,0,0,1,0,1,False,0,0,False
1768421185.8923664,20,1769603102.7301314,37.47,0.5799000000000001,True,37.5,38.2,0.95,0.005,0.0,0.6,0.03,2,1769603122.383133,1769603117.3404174,0,0,1,0,1,0,0,1,False
1768421185.8923664,20,1769603122.7694578,37.46,0.5740999999999999,True,37.5,38.2,0.95,0.005,0.0,0.6,0.03,2,1769603142.7342196,1769603117.3404174,0,0,1,0,1,0,0,1,False
1768421185.8923664,20,1769603143.1146457,37.47,0.5677000000000001,True,37.5,38.2,0.95,0.005,0.0,0.6,0.03,2,1769603163.0998015,1769603117.3404174,0,0,1,0,1,False,True,1,False
1768421185.8923664,20,1769603163.4902618,37.42,0.5825,True,37.5,38.2,0.95,0.005,0.0,0.6,0.03,2,1769603183.2619994,1769603117.3404174,0,0,1,0,1,0,0,1,False
1768421185.8923664,20,1769603183.6434686,37.4,0.5822,True,37.5,38.2,0.95,0.005,0.0,0.6,0.03,2,1769603203.4718418,1769603117.3404174,0,0,1,0,1,0,0,1,False
1768421185.8923664,20,1769603203.8594253,37.42,0.5765,True,37.5,38.2,0.95,0.005,0.0,0.6,0.03,2,1769603223.5787945,1769603117.3404174,0,0,1,0,1,0,0,1,False
1768421185.8923664,20,1769603223.9703863,37.41,0.5702,True,37.5,38.2,0.95,0.005,0.0,0.6,0.03,2,1769603243.6784658,1769603117.3404174,0,0,1,0,1,0,0,1,False
1768421185.8923664,20,1769603244.0584915,37.41,0.5760000000000001,True,37.5,38.2,0.95,0.005,0.0,0.6,0.03,2,1769603263.9580185,1769603117.3404174,0,0,1,0,1,0,0,1,False
1768421185.8923664,20,1769603264.3427243,37.39,0.5833,True,37.5,38.2,0.95,0.005,0.0,0.6,0.03,2,1769603284.0599422,1769603117.3404174,0,0,1,0,1,0,0,1,False
1768421185.8923664,20,1769603284.4589515,37.38,0.579,True,37.5,38.2,0.95,0.005,0.0,0.6,0.03,2,1769603304.1789145,1769603297.6875098,0,0,1,0,1,0,0,1,False
1768421185.8923664,20,1769603304.5665035,37.42,0.5722,True,37.5,38.2,0.95,0.005,0.0,0.6,0.03,2,1769603324.5253239,1769603297.6875098,0,0,1,0,1,0,0,1,False
1768421185.8923664,20,1769603324.9057543,37.4,0.5690999999999999,True,37.5,38.2,0.95,0.005,0.0,0.6,0.03,2,1769603344.6094842,1769603297.6875098,0,0,1,0,1,False,True,1,False
1768421185.8923664,20,1769603344.9985473,37.45,0.5835,True,37.5,38.2,0.95,0.005,0.0,0.6,0.03,2,1769603364.656018,1769603297.6875098,0,0,1,0,1,0,0,1,False
1768421185.8923664,20,1769603365.0412607,37.46,0.5810000000000001,True,37.5,38.2,0.95,0.005,0.0,0.6,0.03,2,1769603384.6667767,1769603297.6875098,0,0,1,0,1,0,0,1,False
1768421185.8923664,20,1769603385.0495093,37.44,0.5749000000000001,True,37.5,38.2,0.95,0.005,0.0,0.6,0.03,2,1769603404.7567906,1769603297.6875098,0,0,1,0,1,0,0,1,False
1768421185.8923664,20,1769603405.1535559,37.48,0.568,True,37.5,38.2,0.95,0.005,0.0,0.6,0.03,2,1769603424.8658586,1769603297.6875098,0,0,1,0,1,False,True,1,False
1768421185.8923664,20,1769603425.2474775,37.49,0.5809000000000001,True,37.5,38.2,0.95,0.005,0.0,0.6,0.03,2,1769603445.058923,1769603297.6875098,0,0,1,0,1,0,0,1,False
1768421185.8923664,20,1769603445.4464939,37.5,0.5809000000000001,True,37.5,38.2,0.95,0.005,0.0,0.6,0.03,2,1769603464.760805,1769603297.6875098,0,0,1,0,1,0,0,1,False
1768421185.8923664,20,1769603465.5514414,37.52,0.5748,True,37.5,38.2,0.95,0.005,0.0,0.6,0.03,2,1769603485.518571,1769603477.7415006,0,0,1,0,1,0,0,0,False
1768421185.8923664,20,1769603485.588659,37.55,0.5675,True,37.5,38.2,0.95,0.005,0.0,0.6,0.03,2,1769603505.5889935,1769603477.7415006,0,0,1,0,1,0,1,0,False
1768421185.8923664,20,1769603505.6595411,37.57,0.5806,True,37.5,38.2,0.95,0.005,0.0,0.6,0.03,2,1769603525.645818,1769603477.7415006,0,0,1,0,1,0,0,0,False
1768421185.8923664,20,1769603525.7287717,37.57,0.5808,True,37.5,38.2,0.95,0.005,0.0,0.6,0.03,2,1769603545.7228603,1769603477.7415006,0,0,1,0,1,0,0,0,False
1768421185.8923664,20,1769603545.7932682,37.62,0.5743,True,37.5,38.2,0.95,0.005,0.0,0.6,0.03,2,1769603565.787544,1769603477.7415006,0,0,1,0,1,0,0,0,False
1768421185.8923664,20,1769603565.8665414,37.59,0.5674,True,37.5,38.2,0.95,0.005,0.0,0.6,0.03,2,1769603585.8663108,1769603477.7415006,0,0,1,0,1,0,1,0,False
1768421185.8923664,20,1769603585.9567108,37.59,0.5816,True,37.5,38.2,0.95,0.005,0.0,0.6,0.03,2,1769603605.8976316,1769603477.7415006,0,0,1,0,1,0,0,0,False
1768421185.8923664,20,1769603605.9682887,37.59,0.5801,True,37.5,38.2,0.95,0.005,0.0,0.6,0.03,2,1769603625.9449422,1769603477.7415006,0,0,1,0,1,0,0,0,False
1768421185.8923664,20,1769603626.0205126,37.52,0.5735,True,37.5,38.2,0.95,0.005,0.0,0.6,0.03,2,1769603645.9357374,1769603477.7415006,0,0,1,0,1,0,0,0,False
1768421185.8923664,20,1769603646.0263345,37.52,0.5673,True,37.5,38.2,0.95,0.005,0.0,0.6,0.03,2,1769603666.0103924,1769603657.759496,0,0,1,0,1,0,1,0,False
1768421185.8923664,20,1769603666.0892358,37.49,0.5813,True,37.5,38.2,0.95,0.005,0.0,0.6,0.03,2,1769603685.7300112,1769603657.759496,0,0,1,0,1,0,0,1,False
1768421185.8923664,20,1769603686.1176023,37.47,0.5809000000000001,True,37.5,38.2,0.95,0.005,0.0,0.6,0.03,2,1769603705.9316728,1769603657.759496,0,0,1,0,1,0,0,1,False
1768421185.8923664,20,1769603706.328471,37.48,0.5761000000000001,True,37.5,38.2,0.95,0.005,0.0,0.6,0.03,2,1769603726.0364544,1769603657.759496,0,0,1,0,1,0,0,1,False
1768421185.8923664,20,1769603726.417888,37.44,0.5698,True,37.5,38.2,0.95,0.005,0.0,0.6,0.03,2,1769603746.3917778,1769603657.759496,0,0,1,0,1,False,True,1,False
1768421185.8923664,20,1769603746.7736804,37.44,0.5782,True,37.5,38.2,0.95,0.005,0.0,0.6,0.03,2,1769603766.5322902,1769603657.759496,0,0,1,0,1,0,0,1,False
1768421185.8923664,20,1769603766.9268243,37.39,0.5818,True,37.5,38.2,0.95,0.005,0.0,0.6,0.03,2,1769603786.8876283,1769603657.759496,0,0,1,0,1,0,0,1,False
1768421185.8923664,20,1769603787.2675655,37.38,0.5770000000000001,True,37.5,38.2,0.95,0.005,0.0,0.6,0.03,2,1769603807.199888,1769603657.759496,0,0,1,0,1,0,0,1,False
1768421185.8923664,20,1769603807.5887358,37.41,0.5707,True,37.5,38.2,0.95,0.005,0.0,0.6,0.03,2,1769603827.384049,1769603657.759496,0,0,1,0,1,0,0,1,False
1768421185.8923664,20,1769603827.7810657,37.38,0.5765,True,37.5,38.2,0.95,0.005,0.0,0.6,0.03,2,1769603847.7784956,1769603837.7937818,0,0,1,0,1,0,0,1,False
1768421185.8923664,20,1769603848.1602318,37.41,0.5834,True,37.5,38.2,0.95,0.005,0.0,0.6,0.03,2,1769603868.110185,1769603837.7937818,0,0,1,0,1,0,0,1,False
1768421185.8923664,20,1769603868.4912436,37.38,0.5793,True,37.5,38.2,0.95,0.005,0.0,0.6,0.03,2,1769603888.325132,1769603837.7937818,0,0,1,0,1,0,0,1,False
1768421185.8923664,20,1769603888.725141,37.42,0.573,True,37.5,38.2,0.95,0.005,0.0,0.6,0.03,2,1769603908.3455586,1769603837.7937818,0,0,1,0,1,0,0,1,False
1768421185.8923664,20,1769603908.7321684,37.46,0.5697,True,37.5,38.2,0.95,0.005,0.0,0.6,0.03,2,1769603928.6576097,1769603837.7937818,0,0,1,0,1,False,True,1,False
1768421185.8923664,20,1769603929.0494554,37.43,0.5831000000000001,True,37.5,38.2,0.95,0.005,0.0,0.6,0.03,2,1769603948.8582811,1769603837.7937818,0,0,1,0,1,0,0,1,False
1768421185.8923664,20,1769603949.258847,37.45,0.5805,True,37.5,38.2,0.95,0.005,0.0,0.6,0.03,2,1769603969.1849058,1769603837.7937818,0,0,1,0,1,0,0,1,False
1768421185.8923664,20,1769603969.5796585,37.46,0.5740999999999999,True,37.5,38.2,0.95,0.005,0.0,0.6,0.03,2,1769603989.4726677,1769603837.7937818,0,0,1,0,1,0,0,1,False
1768421185.8923664,20,1769603989.8527577,37.47,0.5672,True,37.5,38.2,0.95,0.005,0.0,0.6,0.03,2,1769604009.7119846,1769603837.7937818,0,0,1,0,1,False,True,1,False
1768421185.8923664,20,1769604010.0966415,37.49,0.5843,True,37.5,38.2,0.95,0.005,0.0,0.6,0.03,2,1769604029.7984433,1769604017.8173962,0,0,1,0,1,0,0,1,False
1768421185.8923664,20,1769604030.1884694,37.49,0.5827,True,37.5,38.2,0.95,0.005,0.0,0.6,0.03,2,1769604050.0834026,1769604017.8173962,0,0,1,0,1,0,0,1,False
1768421185.8923664,20,1769604050.474564,37.51,0.5766,True,37.5,38.2,0.95,0.005,0.0,0.6,0.03,2,1769604070.412543,1769604017.8173962,0,0,1,0,1,0,0,0,False
1768421185.8923664,20,1769604070.4861512,37.54,0.5693,True,37.5,38.2,0.95,0.005,0.0,0.6,0.03,2,1769604090.4699585,1769604017.8173962,0,0,1,0,1,0,1,0,False
1768421185.8923664,20,1769604090.5480514,37.54,0.578,True,37.5,38.2,0.95,0.005,0.0,0.6,0.03,2,1769604110.5313108,1769604017.8173962,0,0,1,0,1,0,0,0,False
1768421185.8923664,20,1769604110.6016417,37.58,0.5815,True,37.5,38.2,0.95,0.005,0.0,0.6,0.03,2,1769604130.5957606,1769604017.8173962,0,0,1,0,1,0,0,0,False
1768421185.8923664,20,1769604130.663894,37.56,0.5758,True,37.5,38.2,0.95,0.005,0.0,0.6,0.03,2,1769604150.6082084,1769604017.8173962,0,0,1,0,1,0,0,0,False
1768421185.8923664,20,1769604150.686453,37.63,0.5682,True,37.5,38.2,0.95,0.005,0.0,0.6,0.03,2,1769604170.6657164,1769604017.8173962,0,0,1,0,1,0,1,0,False
1768421185.8923664,20,1769604170.7440777,37.55,0.5791,True,37.5,38.2,0.95,0.005,0.0,0.6,0.03,2,1769604190.7224936,1769604017.8173962,0,0,1,0,1,0,0,0,False
1768421185.8923664,20,1769604190.7936163,37.54,0.5809000000000001,True,37.5,38.2,0.95,0.005,0.0,0.6,0.03,2,1769604210.7305431,1769604197.8348165,0,0,1,0,1,0,0,0,False
1768421185.8923664,20,1769604210.8088205,37.5,0.5749000000000001,True,37.5,38.2,0.95,0.005,0.0,0.6,0.03,2,1769604230.7180936,1769604197.8348165,0,0,1,0,1,0,0,0,False
1768421185.8923664,20,1769604230.8708694,37.5,0.5673,True,37.5,38.2,0.95,0.005,0.0,0.6,0.03,2,1769604250.331124,1769604197.8348165,0,0,1,0,1,False,1,0,False
1768421185.8923664,20,1769604250.9434655,37.47,0.5811999999999999,True,37.5,38.2,0.95,0.005,0.0,0.6,0.03,2,1769604270.5954885,1769604197.8348165,0,0,1,0,1,0,0,1,False
1768421185.8923664,20,1769604270.976948,37.47,0.5818,True,37.5,38.2,0.95,0.005,0.0,0.6,0.03,2,1769604290.886628,1769604197.8348165,0,0,1,0,1,0,0,1,False
1768421185.8923664,20,1769604291.274404,37.45,0.5770000000000001,True,37.5,38.2,0.95,0.005,0.0,0.6,0.03,2,1769604311.1571517,1769604197.8348165,0,0,1,0,1,0,0,1,False
1768421185.8923664,20,1769604311.5382166,37.43,0.5705,True,37.5,38.2,0.95,0.005,0.0,0.6,0.03,2,1769604331.4737573,1769604197.8348165,0,0,1,0,1,0,0,1,False
1768421185.8923664,20,1769604331.8588364,37.43,0.5761000000000001,True,37.5,38.2,0.95,0.005,0.0,0.6,0.03,2,1769604351.8024392,1769604197.8348165,0,0,1,0,1,0,0,1,False
1768421185.8923664,20,1769604352.1864872,37.42,0.5836,True,37.5,38.2,0.95,0.005,0.0,0.6,0.03,2,1769604372.0673864,1769604197.8348165,0,0,1,0,1,0,0,1,False
1768421185.8923664,20,1769604372.452245,37.37,0.579,True,37.5,38.2,0.95,0.005,0.0,0.6,0.03,2,1769604392.0776358,1769604377.854947,0,0,1,0,1,0,0,1,False
1768421185.8923664,20,1769604392.4605885,37.41,0.5728,True,37.5,38.2,0.95,0.005,0.0,0.6,0.03,2,1769604412.424437,1769604377.854947,0,0,1,0,1,0,0,1,False
1768421185.8923664,20,1769604412.8054504,37.43,0.5696,True,37.5,38.2,0.95,0.005,0.0,0.6,0.03,2,1769604432.6535053,1769604377.854947,0,0,1,0,1,False,True,1,False
1768421185.8923664,20,1769604433.0333004,37.4,0.5838,True,37.5,38.2,0.95,0.005,0.0,0.6,0.03,2,1769604452.9241168,1769604377.854947,0,0,1,0,1,0,0,1,False
1768421185.8923664,20,1769604453.3034625,37.42,0.5818,True,37.5,38.2,0.95,0.005,0.0,0.6,0.03,2,1769604473.210423,1769604377.854947,0,0,1,0,1,0,0,1,False
1768421185.8923664,20,1769604473.5993528,37.41,0.5754,True,37.5,38.2,0.95,0.005,0.0,0.6,0.03,2,1769604493.4495788,1769604377.854947,0,0,1,0,1,0,0,1,False
1768421185.8923664,20,1769604493.8315656,37.42,0.5693,True,37.5,38.2,0.95,0.005,0.0,0.6,0.03,2,1769604513.752895,1769604377.854947,0,0,1,0,1,False,True,1,False
1768421185.8923664,20,1769604514.1460984,37.45,0.5794,True,37.5,38.2,0.95,0.005,0.0,0.6,0.03,2,1769604534.0403075,1769604377.854947,0,0,1,0,1,0,0,1,False
1768421185.8923664,20,1769604534.4277492,37.46,0.584,True,37.5,38.2,0.95,0.005,0.0,0.6,0.03,2,1769604554.2824135,1769604377.854947,0,0,1,0,1,0,0,1,False
1768421185.8923664,20,1769604554.660513,37.5,0.5785,True,37.5,38.2,0.95,0.005,0.0,0.6,0.03,2,1769604574.2612116,1769604558.120772,0,0,1,0,1,0,0,1,False
1768421185.8923664,20,1769604575.0214624,37.47,0.5711,True,37.5,38.2,0.95,0.005,0.0,0.6,0.03,2,1769604595.0195305,1769604558.120772,0,0,1,0,1,0,0,1,False
1768421185.8923664,20,1769604595.4054687,37.49,0.5735,True,37.5,38.2,0.95,0.005,0.0,0.6,0.03,2,1769604615.274911,1769604558.120772,0,0,1,0,1,0,0,1,False
1768421185.8923664,20,1769604615.654757,37.5,0.5836,True,37.5,38.2,0.95,0.005,0.0,0.6,0.03,2,1769604635.334668,1769604558.120772,0,0,1,0,1,0,0,0,False
1768421185.8923664,20,1769604635.6963136,37.54,0.5787,True,37.5,38.2,0.95,0.005,0.0,0.6,0.03,2,1769604655.6936731,1769604558.120772,0,0,1,0,1,0,0,0,False
1768421185.8923664,20,1769604655.7668295,37.57,0.5710000000000001,True,37.5,38.2,0.95,0.005,0.0,0.6,0.03,2,1769604675.7517598,1769604558.120772,0,0,1,0,1,0,0,0,False
1768421185.8923664,20,1769604675.830272,37.59,0.5736,True,37.5,38.2,0.95,0.005,0.0,0.6,0.03,2,1769604695.8054855,1769604558.120772,0,0,1,0,1,0,0,0,False
1768421185.8923664,20,1769604695.8791978,37.59,0.5811999999999999,True,37.5,38.2,0.95,0.005,0.0,0.6,0.03,2,1769604715.8081682,1769604558.120772,0,0,1,0,1,0,0,0,False
1768421185.8923664,20,1769604715.8844757,37.56,0.5760000000000001,True,37.5,38.2,0.95,0.005,0.0,0.6,0.03,2,1769604735.8474445,1769604558.120772,0,0,1,0,1,0,0,0,False
1768421185.8923664,20,1769604735.925906,37.55,0.5685,True,37.5,38.2,0.95,0.005,0.0,0.6,0.03,2,1769604755.923585,1769604738.174973,0,0,1,0,1,0,1,0,False
1768421185.8923664,20,1769604755.9927056,37.56,0.5784,True,37.5,38.2,0.95,0.005,0.0,0.6,0.03,2,1769604775.956157,1769604738.174973,0,0,1,0,1,0,0,0,False
1768421185.8923664,20,1769604776.0271554,37.49,0.5805,True,37.5,38.2,0.95,0.005,0.0,0.6,0.03,2,1769604795.9508343,1769604738.174973,0,0,1,0,1,0,0,1,False
1768421185.8923664,20,1769604796.3388085,37.48,0.5751,True,37.5,38.2,0.95,0.005,0.0,0.6,0.03,2,1769604815.9680395,1769604738.174973,0,0,1,0,1,0,0,1,False
1768421185.8923664,20,1769604816.3458261,37.47,0.5685,True,37.5,38.2,0.95,0.005,0.0,0.6,0.03,2,1769604836.1653137,1769604738.174973,0,0,1,0,1,False,True,1,False
1768421185.8923664,20,1769604836.5473316,37.45,0.5797,True,37.5,38.2,0.95,0.005,0.0,0.6,0.03,2,1769604856.4161541,1769604738.174973,0,0,1,0,1,0,0,1,False
1768421185.8923664,20,1769604856.7941253,37.43,0.5821000000000001,True,37.5,38.2,0.95,0.005,0.0,0.6,0.03,2,1769604876.7025068,1769604738.174973,0,0,1,0,1,0,0,1,False
1768421185.8923664,20,1769604877.082148,37.45,0.5771000000000001,True,37.5,38.2,0.95,0.005,0.0,0.6,0.03,2,1769604897.027647,1769604738.174973,0,0,1,0,1,0,0,1,False
1768421185.8923664,20,1769604897.412354,37.43,0.5710000000000001,True,37.5,38.2,0.95,0.005,0.0,0.6,0.03,2,1769604917.3190372,1769604738.174973,0,0,1,0,1,0,0,1,False
1768421185.8923664,20,1769604917.6995614,37.44,0.5744,True,37.5,38.2,0.95,0.005,0.0,0.6,0.03,2,1769604937.6886272,1769604918.4707608,0,0,1,0,1,0,0,1,False
1768421185.8923664,20,1769604938.0741632,37.39,0.5841,True,37.5,38.2,0.95,0.005,0.0,0.6,0.03,2,1769604957.979972,1769604918.4707608,0,0,1,0,1,0,0,1,False
1768421185.8923664,20,1769604958.3600407,37.42,0.5798,True,37.5,38.2,0.95,0.005,0.0,0.6,0.03,2,1769604978.2395139,1769604918.4707608,0,0,1,0,1,0,0,1,False
1768421185.8923664,20,1769604978.628082,37.39,0.5736,True,37.5,38.2,0.95,0.005,0.0,0.6,0.03,2,1769604998.587223,1769604918.4707608,0,0,1,0,1,0,0,1,False
1768421185.8923664,20,1769604998.9689634,37.42,0.5679,True,37.5,38.2,0.95,0.005,0.0,0.6,0.03,2,1769605018.8552537,1769604918.4707608,0,0,1,0,1,False,True,1,False
1768421185.8923664,20,1769605019.2493837,37.44,0.583,True,37.5,38.2,0.95,0.005,0.0,0.6,0.03,2,1769605039.1094904,1769604918.4707608,0,0,1,0,1,0,0,1,False
1768421185.8923664,20,1769605039.4971786,37.42,0.5824,True,37.5,38.2,0.95,0.005,0.0,0.6,0.03,2,1769605059.3784614,1769604918.4707608,0,0,1,0,1,0,0,1,False
1768421185.8923664,20,1769605059.7633686,37.45,0.5760000000000001,True,37.5,38.2,0.95,0.005,0.0,0.6,0.03,2,1769605079.6735928,1769604918.4707608,0,0,1,0,1,0,0,1,False
1768421185.8923664,20,1769605080.0685747,37.45,0.5697,True,37.5,38.2,0.95,0.005,0.0,0.6,0.03,2,1769605099.9340012,1769605098.7954729,0,0,1,0,1,False,True,1,True
1768421185.8923664,20,1769605100.3156083,37.47,0.5792,True,37.5,38.2,0.95,0.005,0.0,0.6,0.03,2,1769605120.2245674,1769605098.7954729,0,0,1,0,1,0,0,1,False
1768421185.8923664,20,1769605120.6122706,37.47,0.5837,True,37.5,38.2,0.95,0.005,0.0,0.6,0.03,2,1769605140.5501297,1769605098.7954729,0,0,1,0,1,0,0,1,False
1768421185.8923664,20,1769605140.9469292,37.47,0.5781000000000001,True,37.5,38.2,0.95,0.005,0.0,0.6,0.03,2,1769605160.7629364,1769605098.7954729,0,0,1,0,1,0,0,1,False
1768421185.8923664,20,1769605161.146558,37.49,0.5715,True,37.5,38.2,0.95,0.005,0.0,0.6,0.03,2,1769605180.9859958,1769605098.7954729,0,0,1,0,1,0,0,1,False
1768421185.8923664,20,1769605181.3706465,37.52,0.5725,True,37.5,38.2,0.95,0.005,0.0,0.6,0.03,2,1769605201.358371,1769605098.7954729,0,0,1,0,1,False,0,0,False
1768421185.8923664,20,1769605201.5301547,37.57,0.5818,True,37.5,38.2,0.95,0.005,0.0,0.6,0.03,2,1769605221.501012,1769605098.7954729,0,1,1,1,1,False,0,0,False
1768421185.8923664,20,1769605221.5625384,37.59,0.579,True,37.5,38.2,0.95,0.005,0.0,0.6,0.03,2,1769605241.5262177,1769605098.7954729,0,1,1,1,1,False,0,0,False
1768421185.8923664,20,1769605241.5806127,37.6,0.5737,True,37.5,38.2,0.95,0.005,0.0,0.6,0.03,2,1769605261.5058005,1769605098.7954729,0,1,0,1,0,False,0,0,False
1768421185.8923664,20,1769605261.5868857,37.55,0.5663,True,37.5,38.2,0.95,0.005,0.0,0.6,0.03,2,1769605281.5422914,1769605278.8554645,0,1,0,1,0,False,1,0,True
1768421185.8923664,20,1769605281.613357,37.51,0.5811999999999999,True,37.5,38.2,0.95,0.005,0.0,0.6,0.03,2,1769605301.5605817,1769605278.8554645,0,1,0,1,0,False,0,0,False
1768421185.8923664,20,1769605301.631587,37.53,0.5901,True,37.5,38.2,0.95,0.005,0.0,0.6,0.03,2,1769605321.6237762,1769605278.8554645,0,1,0,1,0,0,0,0,False
1768421185.8923664,20,1769605321.7125592,37.49,0.5863,True,37.5,38.2,0.95,0.005,0.0,0.6,0.03,2,1769605341.6814718,1769605278.8554645,0,1,0,1,0,0,0,1,False
1768421185.8923664,20,1769605342.0618765,37.47,0.5810000000000001,True,37.5,38.2,0.95,0.005,0.0,0.6,0.03,2,1769605361.771508,1769605278.8554645,0,1,0,1,0,0,0,1,False
1768421185.8923664,20,1769605362.1554363,37.47,0.5748,True,37.5,38.2,0.95,0.005,0.0,0.6,0.03,2,1769605382.112412,1769605278.8554645,0,1,0,1,0,0,0,1,False
1768421185.8923664,20,1769605382.5134995,37.46,0.5685,True,37.5,38.2,0.95,0.005,0.0,0.6,0.03,2,1769605402.293644,1769605278.8554645,0,1,0,1,0,False,True,1,False
1768421185.8923664,20,1769605402.6755815,37.45,0.5755,True,37.5,38.2,0.95,0.005,0.0,0.6,0.03,2,1769605422.5621307,1769605278.8554645,0,1,0,1,0,0,0,1,False
1768421185.8923664,20,1769605422.9498107,37.43,0.59,True,37.5,38.2,0.95,0.005,0.0,0.6,0.03,2,1769605442.6005688,1769605278.8554645,0,1,0,1,0,0,0,1,False
1768421185.8923664,20,1769605442.9914699,37.44,0.5891,True,37.5,38.2,0.95,0.005,0.0,0.6,0.03,2,1769605462.8097901,1769605458.9622307,0,1,0,1,0,0,0,1,True
1768421185.8923664,20,1769605463.1917326,37.44,0.5836,True,37.5,38.2,0.95,0.005,0.0,0.6,0.03,2,1769605483.065305,1769605458.9622307,0,1,0,1,0,0,0,1,False
1768421185.8923664,20,1769605483.4526613,37.44,0.5778,True,37.5,38.2,0.95,0.005,0.0,0.6,0.03,2,1769605503.4340518,1769605458.9622307,0,1,0,1,0,0,0,1,False
1768421185.8923664,20,1769605503.830483,37.44,0.5707,True,37.5,38.2,0.95,0.005,0.0,0.6,0.03,2,1769605523.5664349,1769605458.9622307,0,1,0,1,0,0,0,1,False
1768421185.8923664,20,1769605523.9563758,37.44,0.5683,True,37.5,38.2,0.95,0.005,0.0,0.6,0.03,2,1769605543.8475544,1769605458.9622307,0,1,0,1,0,False,True,1,False
1768421185.8923664,20,1769605544.2294579,37.43,0.5883,True,37.5,38.2,0.95,0.005,0.0,0.6,0.03,2,1769605563.9281268,1769605458.9622307,0,1,0,1,0,0,0,1,False
1768421185.8923664,20,1769605564.3247676,37.46,0.5911,True,37.5,38.2,0.95,0.005,0.0,0.6,0.03,2,1769605584.0481322,1769605458.9622307,0,1,0,1,0,0,0,1,False
1768421185.8923664,20,1769605584.4307573,37.46,0.5872999999999999,True,37.5,38.2,0.95,0.005,0.0,0.6,0.03,2,1769605604.3562884,1769605458.9622307,0,1,0,1,0,0,0,1,False
1768421185.8923664,20,1769605604.7330246,37.46,0.5821000000000001,True,37.5,38.2,0.95,0.005,0.0,0.6,0.03,2,1769605624.4566457,1769605458.9622307,0,1,0,1,0,0,0,1,False
1768421185.8923664,20,1769605624.8534427,37.47,0.5757,True,37.5,38.2,0.95,0.005,0.0,0.6,0.03,2,1769605644.4780698,1769605639.1400094,0,1,0,1,0,0,0,1,False
1768421185.8923664,20,1769605644.8600273,37.46,0.5690999999999999,True,37.5,38.2,0.95,0.005,0.0,0.6,0.03,2,1769605664.7337072,1769605639.1400094,0,1,0,1,0,False,True,1,False
1768421185.8923664,20,1769605665.121853,37.47,0.5724,True,37.5,38.2,0.95,0.005,0.0,0.6,0.03,2,1769605684.8693066,1769605639.1400094,0,1,0,1,0,0,0,1,False
1768421185.8923664,20,1769605685.2666302,37.48,0.5885,True,37.5,38.2,0.95,0.005,0.0,0.6,0.03,2,1769605704.9726973,1769605639.1400094,0,1,0,1,0,0,0,1,False
1768421185.8923664,20,1769605705.362783,37.49,0.5896,True,37.5,38.2,0.95,0.005,0.0,0.6,0.03,2,1769605725.0858238,1769605639.1400094,0,1,0,1,0,0,0,1,False
1768421185.8923664,20,1769605725.4726288,37.48,0.5846,True,37.5,38.2,0.95,0.005,0.0,0.6,0.03,2,1769605745.2872903,1769605639.1400094,0,1,0,1,0,0,0,1,False
1768421185.8923664,20,1769605745.6896513,37.52,0.5794,True,37.5,38.2,0.95,0.005,0.0,0.6,0.03,2,1769605765.6631346,1769605639.1400094,0,1,0,1,0,0,0,0,False
1768421185.8923664,20,1769605765.737205,37.53,0.5728,True,37.5,38.2,0.95,0.005,0.0,0.6,0.03,2,1769605785.7184176,1769605639.1400094,0,1,0,1,0,0,0,0,False
1768421185.8923664,20,1769605785.7898238,37.57,0.5665,True,37.5,38.2,0.95,0.005,0.0,0.6,0.03,2,1769605805.750315,1769605639.1400094,0,1,0,1,0,0,1,0,False
1768421185.8923664,20,1769605805.832447,37.58,0.5822999999999999,True,37.5,38.2,0.95,0.005,0.0,0.6,0.03,2,1769605825.7963536,1769605819.153998,0,1,0,1,0,0,0,0,False
1768421185.8923664,20,1769605825.872221,37.58,0.5898,True,37.5,38.2,0.95,0.005,0.0,0.6,0.03,2,1769605845.8229115,1769605819.153998,0,1,0,1,0,0,0,0,False
1768421185.8923664,20,1769605845.8994215,37.59,0.5863,True,37.5,38.2,0.95,0.005,0.0,0.6,0.03,2,1769605865.838252,1769605819.153998,0,1,0,1,0,0,0,0,False
1768421185.8923664,20,1769605865.9206204,37.55,0.5794,True,37.5,38.2,0.95,0.005,0.0,0.6,0.03,2,1769605885.8996265,1769605819.153998,0,1,0,1,0,0,0,0,False
1768421185.8923664,20,1769605885.978592,37.54,0.5723,True,37.5,38.2,0.95,0.005,0.0,0.6,0.03,2,1769605905.936733,1769605819.153998,0,1,0,1,0,0,0,0,False
1768421185.8923664,20,1769605906.0100424,37.54,0.5654,True,37.5,38.2,0.95,0.005,0.0,0.6,0.03,2,1769605925.9991274,1769605819.153998,0,1,0,1,0,0,1,0,False
1768421185.8923664,20,1769605926.0901644,37.54,0.5822,True,37.5,38.2,0.95,0.005,0.0,0.6,0.03,2,1769605946.0259955,1769605819.153998,0,1,0,1,0,0,0,0,False
1768421185.8923664,20,1769605946.099389,37.53,0.5884,True,37.5,38.2,0.95,0.005,0.0,0.6,0.03,2,1769605966.0813699,1769605819.153998,0,1,0,1,0,0,0,0,False
1768421185.8923664,20,1769605966.1530168,37.49,0.5845,True,37.5,38.2,0.95,0.005,0.0,0.6,0.03,2,1769605986.128144,1769605819.153998,0,1,0,1,0,0,0,1,False
1768421185.8923664,20,1769605986.5251853,37.47,0.5782,True,37.5,38.2,0.95,0.005,0.0,0.6,0.03,2,1769606006.2972047,1769605999.3767416,0,1,0,1,0,0,0,1,False
1768421185.8923664,20,1769606006.6846628,37.49,0.5714,True,37.5,38.2,0.95,0.005,0.0,0.6,0.03,2,1769606026.6095347,1769605999.3767416,0,1,0,1,0,0,0,1,False
1768421185.8923664,20,1769606026.9941108,37.46,0.5671,True,37.5,38.2,0.95,0.005,0.0,0.6,0.03,2,1769606046.7756686,1769605999.3767416,0,1,0,1,0,False,True,1,False
1768421185.8923664,20,1769606047.17309,37.45,0.585,True,37.5,38.2,0.95,0.005,0.0,0.6,0.03,2,1769606066.8662567,1769605999.3767416,0,1,0,1,0,0,0,1,False
1768421185.8923664,20,1769606067.2455506,37.45,0.5896,True,37.5,38.2,0.95,0.005,0.0,0.6,0.03,2,1769606087.1372755,1769605999.3767416,0,1,0,1,0,0,0,1,False
1768421185.8923664,20,1769606087.5261927,37.45,0.5858,True,37.5,38.2,0.95,0.005,0.0,0.6,0.03,2,1769606107.3453088,1769605999.3767416,0,1,0,1,0,0,0,1,False
1768421185.8923664,20,1769606107.7466683,37.44,0.5802,True,37.5,38.2,0.95,0.005,0.0,0.6,0.03,2,1769606127.3800993,1769605999.3767416,0,1,0,1,0,0,0,1,False
1768421185.8923664,20,1769606127.762085,37.46,0.5736,True,37.5,38.2,0.95,0.005,0.0,0.6,0.03,2,1769606147.6983316,1769605999.3767416,0,1,0,1,0,0,0,1,False
1768421185.8923664,20,1769606148.084882,37.44,0.5675,True,37.5,38.2,0.95,0.005,0.0,0.6,0.03,2,1769606167.9536378,1769605999.3767416,0,1,0,1,0,False,True,1,False
1768421185.8923664,20,1769606168.350857,37.44,0.5776,True,37.5,38.2,0.95,0.005,0.0,0.6,0.03,2,1769606188.0121675,1769606179.5096483,0,1,0,1,0,0,0,1,False
1768421185.8923664,20,1769606188.3978379,37.44,0.5901,True,37.5,38.2,0.95,0.005,0.0,0.6,0.03,2,1769606208.349349,1769606179.5096483,0,1,0,1,0,0,0,1,False
1768421185.8923664,20,1769606208.7371979,37.45,0.589,True,37.5,38.2,0.95,0.005,0.0,0.6,0.03,2,1769606228.5158923,1769606179.5096483,0,1,0,1,0,0,0,1,False
1768421185.8923664,20,1769606228.9159734,37.43,0.5837,True,37.5,38.2,0.95,0.005,0.0,0.6,0.03,2,1769606248.8612938,1769606179.5096483,0,1,0,1,0,0,0,1,False
1768421185.8923664,20,1769606249.2547922,37.45,0.5774,True,37.5,38.2,0.95,0.005,0.0,0.6,0.03,2,1769606269.1877306,1769606179.5096483,0,1,0,1,0,0,0,1,False
1768421185.8923664,20,1769606269.5682712,37.47,0.5720000000000001,True,37.5,38.2,0.95,0.005,0.0,0.6,0.03,2,1769606289.4577887,1769606179.5096483,0,1,0,1,0,0,0,1,False
1768421185.8923664,20,1769606289.854795,37.46,0.5668,True,37.5,38.2,0.95,0.005,0.0,0.6,0.03,2,1769606309.7995353,1769606179.5096483,0,1,0,1,0,False,True,1,False
1768421185.8923664,20,1769606310.1877086,37.46,0.5836,True,37.5,38.2,0.95,0.005,0.0,0.6,0.03,2,1769606330.1020644,1769606179.5096483,0,1,0,1,0,0,0,1,False
1768421185.8923664,20,1769606330.483704,37.47,0.5920000000000001,True,37.5,38.2,0.95,0.005,0.0,0.6,0.03,2,1769606350.2881806,1769606179.5096483,0,1,0,1,0,0,0,1,False
1768421185.8923664,20,1769606350.670346,37.48,0.5888,True,37.5,38.2,0.95,0.005,0.0,0.6,0.03,2,1769606370.6084523,1769606359.5177748,0,1,0,1,0,0,0,1,False
1768421185.8923664,20,1769606370.9995995,37.49,0.5829,True,37.5,38.2,0.95,0.005,0.0,0.6,0.03,2,1769606390.918171,1769606359.5177748,0,1,0,1,0,0,0,1,False
1768421185.8923664,20,1769606391.3061275,37.51,0.5767,True,37.5,38.2,0.95,0.005,0.0,0.6,0.03,2,1769606411.3021173,1769606359.5177748,0,1,0,1,0,0,0,0,False
1768421185.8923664,20,1769606411.3727489,37.53,0.5705,True,37.5,38.2,0.95,0.005,0.0,0.6,0.03,2,1769606431.357885,1769606359.5177748,0,1,0,1,0,0,0,0,False
1768421185.8923664,20,1769606431.4357584,37.51,0.568,True,37.5,38.2,0.95,0.005,0.0,0.6,0.03,2,1769606451.4196377,1769606359.5177748,0,1,0,1,0,0,1,0,False
1768421185.8923664,20,1769606451.4906414,37.52,0.5870000000000001,True,37.5,38.2,0.95,0.005,0.0,0.6,0.03,2,1769606471.465813,1769606359.5177748,0,1,0,1,0,0,0,0,False
1768421185.8923664,20,1769606471.5359752,37.58,0.5895,True,37.5,38.2,0.95,0.005,0.0,0.6,0.03,2,1769606491.4891324,1769606359.5177748,0,1,0,1,0,0,0,0,False
1768421185.8923664,20,1769606491.565284,37.55,0.5845,True,37.5,38.2,0.95,0.005,0.0,0.6,0.03,2,1769606511.5252218,1769606359.5177748,0,1,0,1,0,0,0,0,False
1768421185.8923664,20,1769606511.5948215,37.52,0.5776,True,37.5,38.2,0.95,0.005,0.0,0.6,0.03,2,1769606531.5350451,1769606359.5177748,0,1,0,1,0,0,0,0,False
1768421185.8923664,20,1769606531.6053946,37.52,0.5706,True,37.5,38.2,0.95,0.005,0.0,0.6,0.03,2,1769606551.5342305,1769606539.556238,0,1,0,1,0,0,0,0,False
1768421185.8923664,20,1769606551.6131446,37.54,0.5673,True,37.5,38.2,0.95,0.005,0.0,0.6,0.03,2,1769606571.5682724,1769606539.556238,0,1,0,1,0,0,1,0,False
1768421185.8923664,20,1769606571.6393628,37.53,0.5848,True,37.5,38.2,0.95,0.005,0.0,0.6,0.03,2,1769606591.6234725,1769606539.556238,0,1,0,1,0,0,0,0,False
1768421185.8923664,20,1769606591.6935923,37.53,0.588,True,37.5,38.2,0.95,0.005,0.0,0.6,0.03,2,1769606611.6278381,1769606539.556238,0,1,0,1,0,0,0,0,False
1768421185.8923664,20,1769606611.6982296,37.5,0.5834,True,37.5,38.2,0.95,0.005,0.0,0.6,0.03,2,1769606631.2723064,1769606539.556238,0,1,0,1,0,0,0,1,False
1768421185.8923664,20,1769606632.0459576,37.48,0.5772,True,37.5,38.2,0.95,0.005,0.0,0.6,0.03,2,1769606652.0304337,1769606539.556238,0,1,0,1,0,0,0,1,False
1768421185.8923664,20,1769606652.4141538,37.47,0.5705,True,37.5,38.2,0.95,0.005,0.0,0.6,0.03,2,1769606672.0608907,1769606539.556238,0,1,0,1,0,0,0,1,False
1768421185.8923664,20,1769606672.4406605,37.46,0.5682,True,37.5,38.2,0.95,0.005,0.0,0.6,0.03,2,1769606692.3310013,1769606539.556238,0,1,0,1,0,False,True,1,False
1768421185.8923664,20,1769606692.715568,37.47,0.5866,True,37.5,38.2,0.95,0.005,0.0,0.6,0.03,2,1769606712.588553,1769606539.556238,0,1,0,1,0,0,0,1,False
1768421185.8923664,20,1769606712.9709778,37.45,0.5901,True,37.5,38.2,0.95,0.005,0.0,0.6,0.03,2,1769606732.936418,1769606719.8632793,0,1,0,1,0,0,0,1,False
1768421185.8923664,20,1769606733.321382,37.45,0.5856,True,37.5,38.2,0.95,0.005,0.0,0.6,0.03,2,1769606753.30337,1769606719.8632793,0,1,0,1,0,0,0,1,False
1768421185.8923664,20,1769606753.6875043,37.47,0.5803,True,37.5,38.2,0.95,0.005,0.0,0.6,0.03,2,1769606773.573856,1769606719.8632793,0,1,0,1,0,0,0,1,False
1768421185.8923664,20,1769606773.9592402,37.45,0.5739,True,37.5,38.2,0.95,0.005,0.0,0.6,0.03,2,1769606793.9390078,1769606719.8632793,0,1,0,1,0,0,0,1,False
1768421185.8923664,20,1769606794.3228393,37.43,0.5675,True,37.5,38.2,0.95,0.005,0.0,0.6,0.03,2,1769606814.210203,1769606719.8632793,0,1,0,1,0,False,True,1,False
1768421185.8923664,20,1769606814.592352,37.45,0.5796,True,37.5,38.2,0.95,0.005,0.0,0.6,0.03,2,1769606834.4592886,1769606719.8632793,0,1,0,1,0,0,0,1,False
1768421185.8923664,20,1769606834.8413236,37.44,0.5910000000000001,True,37.5,38.2,0.95,0.005,0.0,0.6,0.03,2,1769606854.789533,1769606719.8632793,0,1,0,1,0,0,0,1,False
1768421185.8923664,20,1769606855.172711,37.44,0.5892000000000001,True,37.5,38.2,0.95,0.005,0.0,0.6,0.03,2,1769606874.78956,1769606719.8632793,0,1,0,1,0,0,0,1,False
1768421185.8923664,20,1769606875.1781485,37.46,0.5842,True,37.5,38.2,0.95,0.005,0.0,0.6,0.03,2,1769606895.0582216,1769606719.8632793,0,1,0,1,0,0,0,1,False
1768421185.8923664,20,1769606895.4390354,37.47,0.5785,True,37.5,38.2,0.95,0.005,0.0,0.6,0.03,2,1769606915.3237915,1769606899.9951527,0,1,0,1,0,0,0,1,False
1768421185.8923664,20,1769606915.7149968,37.46,0.5722,True,37.5,38.2,0.95,0.005,0.0,0.6,0.03,2,1769606935.694922,1769606899.9951527,0,1,0,1,0,0,0,1,False
1768421185.8923664,20,1769606936.083741,37.47,0.5667,True,37.5,38.2,0.95,0.005,0.0,0.6,0.03,2,1769606955.9615488,1769606899.9951527,0,1,0,1,0,False,True,1,False
1768421185.8923664,20,1769606956.3435254,37.49,0.5839,True,37.5,38.2,0.95,0.005,0.0,0.6,0.03,2,1769606976.2475102,1769606899.9951527,0,1,0,1,0,0,0,1,False
1768421185.8923664,20,1769606976.63052,37.51,0.5897,True,37.5,38.2,0.95,0.005,0.0,0.6,0.03,2,1769606996.609077,1769606899.9951527,0,1,0,1,0,0,0,0,False
1768421185.8923664,20,1769606996.6786764,37.51,0.5861,True,37.5,38.2,0.95,0.005,0.0,0.6,0.03,2,1769607016.6333845,1769606899.9951527,0,1,0,1,0,0,0,0,False
1768421185.8923664,20,1769607016.7043407,37.5,0.5810000000000001,True,37.5,38.2,0.95,0.005,0.0,0.6,0.03,2,1769607036.5454667,1769606899.9951527,0,1,0,1,0,0,0,0,False
1768421185.8923664,20,1769607036.764426,37.54,0.5749000000000001,True,37.5,38.2,0.95,0.005,0.0,0.6,0.03,2,1769607056.7455645,1769606899.9951527,0,1,0,1,0,0,0,0,False
1768421185.8923664,20,1769607056.8190005,37.54,0.5684,True,37.5,38.2,0.95,0.005,0.0,0.6,0.03,2,1769607076.7805126,1769606899.9951527,0,1,0,1,0,0,1,0,False
1768421185.8923664,20,1769607076.8558362,37.57,0.5745,True,37.5,38.2,0.95,0.005,0.0,0.6,0.03,2,1769607096.822547,1769607080.029483,0,1,0,1,0,0,0,0,False
1768421185.8923664,20,1769607096.8986866,37.53,0.5898,True,37.5,38.2,0.95,0.005,0.0,0.6,0.03,2,1769607116.8602755,1769607080.029483,0,1,0,1,0,0,0,0,False
1768421185.8923664,20,1769607116.929888,37.51,0.5883,True,37.5,38.2,0.95,0.005,0.0,0.6,0.03,2,1769607136.8640416,1769607080.029483,0,1,0,1,0,0,0,0,False
1768421185.8923664,20,1769607136.9416163,37.52,0.5826,True,37.5,38.2,0.95,0.005,0.0,0.6,0.03,2,1769607156.8921325,1769607080.029483,0,1,0,1,0,0,0,0,False
1768421185.8923664,20,1769607156.9622824,37.52,0.5753,True,37.5,38.2,0.95,0.005,0.0,0.6,0.03,2,1769607176.9494164,1769607080.029483,0,1,0,1,0,0,0,0,False
