experiment_begin_timestamp,experiment_sec,experiment_state_timestamp,save_interval_secs,last_save_timestamp,temperature_1_C,humidity_1,temperature_2_C,humidity_2,target_temperature,target_humidity,control_change_minimum_secs,last_control_change_timestamp,last_fan_on_timestamp,fan_on,humidifyer_on,heater_on,,,
-1000,0,1728345401.86564,60,1728356387.75506,37.77,0.4454,37.68,0.4211,38.33,0.42,2,1728356446.87168,0,False,False,True,,,
-1000,0,1728345401.86564,60,1728356447.79455,37.74,0.4528,37.57,0.4293,38.33,0.42,2,1728356507.18388,0,False,False,True,,,
-1000,0,1728345401.86564,60,1728356507.83567,37.9,0.4551,37.67,0.4337,38.33,0.42,2,1728356567.46913,0,False,False,True,,,
-1000,0,1728345401.86564,60,1728356567.84855,38.11,0.4552,37.82,0.4355,38.33,0.42,2,1728356627.79753,0,False,False,True,,,
-1000,0,1728345401.86564,60,1728356627.87193,38.37,0.4473,38.02,0.4304,38.33,0.42,2,1728356686.29214,0,True,False,False,,,
-1000,0,1728345401.86564,60,1728356687.89701,38.3,0.4142,38.04,0.3957,38.33,0.42,2,1728356746.61431,0,False,True,True,,,
-1000,0,1728345401.86564,60,1728356747.91155,37.89,0.442,37.78,0.4181,38.33,0.42,2,1728356806.90875,0,False,False,True,,,
-1000,0,1728345401.86564,60,1728356807.92475,37.75,0.4512,37.6,0.4282,38.33,0.42,2,1728356867.17292,0,False,False,True,,,
-1000,0,1728345401.86564,60,1728356867.96035,37.83,0.4542,37.67,0.4327,38.33,0.42,2,1728356927.39543,0,False,False,True,,,
-1000,0,1728345401.86564,60,1728356927.9801,38.09,0.4545,37.79,0.4346,38.33,0.42,2,1728356987.68345,0,False,False,True,,,
-1000,0,1728345401.86564,60,1728356987.99384,38.38,0.4523,38.01,0.4343,38.33,0.42,2,1728357046.2864,0,True,False,False,,,
-1000,0,1728345401.86564,60,1728357048.02951,38.36,0.4137,38.04,0.3957,38.33,0.42,2,1728357106.66371,0,True,True,False,,,
-1000,0,1728345401.86564,60,1728357108.0651,37.88,0.4413,37.79,0.4179,38.33,0.42,2,1728357167.20267,0,False,False,True,,,
-1000,0,1728345401.86564,60,1728357168.09175,37.73,0.4511,37.59,0.4276,38.33,0.42,2,1728357227.46061,0,False,False,True,,,
-1000,0,1728345401.86564,60,1728357228.11236,37.86,0.4545,37.66,0.4327,38.33,0.42,2,1728357287.6577,0,False,False,True,,,
-1000,0,1728345401.86564,60,1728357288.14291,38.04,0.455,37.78,0.4348,38.33,0.42,2,1728357347.98134,0,False,False,True,,,
-1000,0,1728345401.86564,60,1728357348.15907,38.32,0.454,37.97,0.4356,38.33,0.42,2,1728357406.22228,0,True,False,False,,,
-1000,0,1728345401.86564,60,1728357408.19955,38.43,0.4124,38.08,0.3951,38.33,0.42,2,1728357466.54286,0,True,True,False,,,
-1000,0,1728345401.86564,60,1728357468.21387,37.96,0.4386,37.85,0.4148,38.33,0.42,2,1728357526.92118,0,False,False,True,,,
-1000,0,1728345401.86564,60,1728357528.25108,37.74,0.4496,37.61,0.4251,38.33,0.42,2,1728357587.25832,0,False,False,True,,,
-1000,0,1728345401.86564,60,1728357588.28201,37.82,0.454,37.62,0.4315,38.33,0.42,2,1728357647.64598,0,False,False,True,,,
-1000,0,1728345401.86564,60,1728357648.29674,38,0.4547,37.78,0.4345,38.33,0.42,2,1728357707.98218,0,False,False,True,,,
-1000,0,1728345401.86564,60,1728357708.32913,38.27,0.4536,37.91,0.435,38.33,0.42,2,1728357768.25813,0,False,False,True,,,
-1000,0,1728345401.86564,60,1728357768.36793,38.38,0.4135,38.06,0.3963,38.33,0.42,2,1728357826.59104,0,True,True,False,,,
-1000,0,1728345401.86564,60,1728357828.39779,37.95,0.4377,37.82,0.4142,38.33,0.42,2,1728357887.64065,0,False,False,True,,,
-1000,0,1728345401.86564,60,1728357888.42637,37.75,0.4489,37.69,0.4248,38.33,0.42,2,1728357947.92852,0,False,False,True,,,
-1000,0,1728345401.86564,60,1728357948.44471,37.85,0.4534,37.66,0.4312,38.33,0.42,2,1728358008.23439,0,False,False,True,,,
-1000,0,1728345401.86564,60,1728358008.47707,38.04,0.4538,37.8,0.4337,38.33,0.42,2,1728358066.5345,0,False,False,True,,,
-1000,0,1728345401.86564,60,1728358068.50957,38.31,0.453,37.93,0.4343,38.33,0.42,2,1728358126.81596,0,False,False,True,,,
-1000,0,1728345401.86564,60,1728358128.5434,38.41,0.4123,38.1,0.3954,38.33,0.42,2,1728358188.32547,0,True,True,False,,,
-1000,0,1728345401.86564,60,1728358188.56943,37.97,0.4382,37.84,0.4151,38.33,0.42,2,1728358246.59622,0,False,False,True,,,
-1000,0,1728345401.86564,60,1728358248.6114,37.7,0.4498,37.65,0.4255,38.33,0.42,2,1728358306.92634,0,False,False,True,,,
-1000,0,1728345401.86564,60,1728358308.62393,37.81,0.4543,37.59,0.4317,38.33,0.42,2,1728358367.27386,0,False,False,True,,,
-1000,0,1728345401.86564,60,1728358368.65825,37.99,0.4548,37.77,0.4345,38.33,0.42,2,1728358427.5084,0,False,False,True,,,
-1000,0,1728345401.86564,60,1728358428.67226,38.24,0.454,37.9,0.4349,38.33,0.42,2,1728358487.82677,0,False,False,True,,,
-1000,0,1728345401.86564,60,1728358488.68089,38.42,0.4153,38.1,0.399,38.33,0.42,2,1728358546.92433,0,True,True,False,,,
-1000,0,1728345401.86564,60,1728358548.71584,38.05,0.4367,37.86,0.4141,38.33,0.42,2,1728358607.73294,0,False,False,True,,,
-1000,0,1728345401.86564,60,1728358608.7586,37.76,0.4487,37.7,0.4246,38.33,0.42,2,1728358667.95027,0,False,False,True,,,
-1000,0,1728345401.86564,60,1728358668.80026,37.82,0.4536,37.63,0.4311,38.33,0.42,2,1728358728.27373,0,False,False,True,,,
-1000,0,1728345401.86564,60,1728358728.81146,37.99,0.4541,37.8,0.4337,38.33,0.42,2,1728358788.56838,0,False,False,True,,,
-1000,0,1728345401.86564,60,1728358788.84775,38.28,0.453,37.93,0.4342,38.33,0.42,2,1728358846.82863,0,False,False,True,,,
-1000,0,1728345401.86564,60,1728358848.8576,38.44,0.4122,38.1,0.3959,38.33,0.42,2,1728358907.10662,0,True,True,False,,,
-1000,0,1728345401.86564,60,1728358908.89699,37.96,0.4377,37.84,0.4145,38.33,0.42,2,1728358967.88811,0,False,False,True,,,
-1000,0,1728345401.86564,60,1728358968.92942,37.67,0.4497,37.57,0.425,38.33,0.42,2,1728359028.21741,0,False,False,True,,,
-1000,0,1728345401.86564,60,1728359028.97191,37.72,0.4542,37.54,0.4315,38.33,0.42,2,1728359088.60091,0,False,False,True,,,
-1000,0,1728345401.86564,60,1728359088.98297,37.95,0.4546,37.71,0.4338,38.33,0.42,2,1728359148.90919,0,False,False,True,,,
-1000,0,1728345401.86564,60,1728359149.0164,38.23,0.4528,37.85,0.4345,38.33,0.42,2,1728359207.2044,0,False,False,True,,,
-1000,0,1728345401.86564,60,1728359209.04692,38.43,0.4183,38.05,0.4034,38.33,0.42,2,1728359268.22086,0,True,True,False,,,
-1000,0,1728345401.86564,60,1728359269.07656,38.07,0.4322,37.88,0.4107,38.33,0.42,2,1728359328.55584,0,False,False,True,,,
-1000,0,1728345401.86564,60,1728359329.10492,37.74,0.4467,37.64,0.4221,38.33,0.42,2,1728359388.89754,0,False,False,True,,,
-1000,0,1728345401.86564,60,1728359389.14279,37.71,0.4521,37.58,0.4292,38.33,0.42,2,1728359447.26117,0,False,False,True,,,
-1000,0,1728345401.86564,60,1728359449.16419,37.94,0.4534,37.73,0.4325,38.33,0.42,2,1728359507.56317,0,False,False,True,,,
-1000,0,1728345401.86564,60,1728359509.19023,38.19,0.4516,37.83,0.4332,38.33,0.42,2,1728359567.91161,0,False,False,True,,,
-1000,0,1728345401.86564,60,1728359569.20871,38.45,0.4275,38.03,0.4118,38.33,0.42,2,1728359628.44031,0,True,False,False,,,
-1000,0,1728345401.86564,60,1728359629.22814,38.18,0.4238,37.96,0.4034,38.33,0.42,2,1728359689.04272,0,False,False,True,,,
-1000,0,1728345401.86564,60,1728359689.2524,37.77,0.4444,37.68,0.4199,38.33,0.42,2,1728359747.33164,0,False,False,True,,,
-1000,0,1728345401.86564,60,1728359749.2754,37.67,0.4513,37.54,0.4284,38.33,0.42,2,1728359807.67275,0,False,False,True,,,
-1000,0,1728345401.86564,60,1728359809.31144,37.86,0.4531,37.64,0.4318,38.33,0.42,2,1728359867.92071,0,False,False,True,,,
-1000,0,1728345401.86564,60,1728359869.32362,38.07,0.4521,37.81,0.4332,38.33,0.42,2,1728359928.22231,0,False,False,True,,,
-1000,0,1728345401.86564,60,1728359929.34893,38.39,0.4465,37.98,0.4293,38.33,0.42,2,1728359988.5591,0,True,False,False,,,
-1000,0,1728345401.86564,60,1728359989.36977,38.35,0.4156,38.04,0.3972,38.33,0.42,2,1728360048.81454,0,True,True,False,,,
-1000,0,1728345401.86564,60,1728360049.3996,37.86,0.4425,37.76,0.4187,38.33,0.42,2,1728360109.07686,0,False,False,True,,,
-1000,0,1728345401.86564,60,1728360109.42439,37.67,0.4516,37.57,0.4279,38.33,0.42,2,1728360169.33934,0,False,False,True,,,
-1000,0,1728345401.86564,60,1728360169.44624,37.81,0.4541,37.61,0.4323,38.33,0.42,2,1728360227.59365,0,False,False,True,,,
-1000,0,1728345401.86564,60,1728360229.46929,38.01,0.4532,37.79,0.434,38.33,0.42,2,1728360287.94694,0,False,False,True,,,
-1000,0,1728345401.86564,60,1728360289.48103,38.33,0.4511,37.92,0.4337,38.33,0.42,2,1728360348.3216,0,True,False,False,,,
-1000,0,1728345401.86564,60,1728360349.51488,38.35,0.4151,38.03,0.3976,38.33,0.42,2,1728360408.64055,0,True,True,False,,,
-1000,0,1728345401.86564,60,1728360409.52862,37.89,0.4389,37.8,0.4155,38.33,0.42,2,1728360468.93696,0,False,False,True,,,
-1000,0,1728345401.86564,60,1728360469.55349,37.67,0.4493,37.56,0.4252,38.33,0.42,2,1728360529.25055,0,False,False,True,,,
-1000,0,1728345401.86564,60,1728360529.56367,37.75,0.4527,37.54,0.4306,38.33,0.42,2,1728360589.55124,0,False,False,True,,,
-1000,0,1728345401.86564,60,1728360589.59195,37.97,0.4526,37.75,0.4327,38.33,0.42,2,1728360647.92126,0,False,False,True,,,
-1000,0,1728345401.86564,60,1728360649.59944,38.24,0.451,37.87,0.4329,38.33,0.42,2,1728360708.19761,0,False,False,True,,,
-1000,0,1728345401.86564,60,1728360709.61504,38.42,0.4141,38.05,0.3988,38.33,0.42,2,1728360768.46595,0,True,True,False,,,
-1000,0,1728345401.86564,60,1728360769.62772,38.04,0.4332,37.85,0.4117,38.33,0.42,2,1728360829.35685,0,False,False,True,,,
-1000,0,1728345401.86564,60,1728360829.66775,37.71,0.4456,37.63,0.4216,38.33,0.42,2,1728360889.63467,0,False,False,True,,,
-1000,0,1728345401.86564,60,1728360889.71065,37.75,0.4502,37.62,0.4281,38.33,0.42,2,1728360947.91111,0,False,False,True,,,
-1000,0,1728345401.86564,60,1728360949.75186,37.96,0.4507,37.76,0.4307,38.33,0.42,2,1728361008.1077,0,False,False,True,,,
-1000,0,1728345401.86564,60,1728361009.77958,38.23,0.4496,37.87,0.4311,38.33,0.42,2,1728361068.39306,0,False,False,True,,,
-1000,0,1728345401.86564,60,1728361069.79455,38.42,0.4123,38.09,0.3974,38.33,0.42,2,1728361128.75586,0,True,True,False,,,
-1000,0,1728345401.86564,60,1728361129.81593,38,0.4368,37.88,0.414,38.33,0.42,2,1728361189.07825,0,False,False,True,,,
-1000,0,1728345401.86564,60,1728361189.8319,37.74,0.4481,37.63,0.4239,38.33,0.42,2,1728361249.36868,0,False,False,True,,,
-1000,0,1728345401.86564,60,1728361249.85191,37.76,0.4526,37.58,0.43,38.33,0.42,2,1728361309.64613,0,False,False,True,,,
-1000,0,1728345401.86564,60,1728361309.88994,37.97,0.4523,37.75,0.4324,38.33,0.42,2,1728361367.94393,0,False,False,True,,,
-1000,0,1728345401.86564,60,1728361369.90823,38.24,0.4506,37.88,0.4324,38.33,0.42,2,1728361428.31666,0,False,False,True,,,
-1000,0,1728345401.86564,60,1728361429.93865,38.45,0.4133,38.06,0.397,38.33,0.42,2,1728361489.20999,0,True,True,False,,,
-1000,0,1728345401.86564,60,1728361489.96208,37.98,0.4349,37.83,0.4128,38.33,0.42,2,1728361549.79459,0,False,False,True,,,
-1000,0,1728345401.86564,60,1728361549.96961,37.71,0.4471,37.6,0.4231,38.33,0.42,2,1728361608.16551,0,False,False,True,,,
-1000,0,1728345401.86564,60,1728361610.00716,37.75,0.4509,37.57,0.4288,38.33,0.42,2,1728361668.44425,0,False,False,True,,,
-1000,0,1728345401.86564,60,1728361670.04802,37.95,0.4509,37.73,0.4312,38.33,0.42,2,1728361728.75557,0,False,False,True,,,
-1000,0,1728345401.86564,60,1728361730.0856,38.26,0.4494,37.91,0.4313,38.33,0.42,2,1728361788.9575,0,False,False,True,,,
-1000,0,1728345401.86564,60,1728361790.12177,38.41,0.4133,38.06,0.3966,38.33,0.42,2,1728361849.44236,0,True,True,False,,,
-1000,0,1728345401.86564,60,1728361850.16441,38.02,0.435,37.85,0.4131,38.33,0.42,2,1728361910.08878,0,False,False,True,,,
-1000,0,1728345401.86564,60,1728361910.19887,37.72,0.447,37.58,0.423,38.33,0.42,2,1728361968.38943,0,False,False,True,,,
-1000,0,1728345401.86564,60,1728361970.24241,37.79,0.4507,37.62,0.4287,38.33,0.42,2,1728362028.72813,0,False,False,True,,,
-1000,0,1728345401.86564,60,1728362030.25001,37.98,0.4504,37.76,0.4309,38.33,0.42,2,1728362089.05859,0,False,False,True,,,
-1000,0,1728345401.86564,60,1728362090.26524,38.29,0.4489,37.89,0.4307,38.33,0.42,2,1728362149.42156,0,False,False,True,,,
-1000,0,1728345401.86564,60,1728362150.27809,38.44,0.4138,38.08,0.3975,38.33,0.42,2,1728362209.89432,0,True,True,False,,,
-1000,0,1728345401.86564,60,1728362210.30741,38,0.4334,37.83,0.4113,38.33,0.42,2,1728362270.21895,0,False,False,True,,,
-1000,0,1728345401.86564,60,1728362270.32556,37.7,0.4458,37.6,0.4217,38.33,0.42,2,1728362328.53804,0,False,False,True,,,
-1000,0,1728345401.86564,60,1728362330.35151,37.71,0.4499,37.57,0.4277,38.33,0.42,2,1728362388.8501,0,False,False,True,,,
-1000,0,1728345401.86564,60,1728362390.38686,37.96,0.4497,37.67,0.4299,38.33,0.42,2,1728362449.08537,0,False,False,True,,,
-1000,0,1728345401.86564,60,1728362450.41852,38.22,0.448,37.85,0.4299,38.33,0.42,2,1728362509.37906,0,False,False,True,,,
-1000,0,1728345401.86564,60,1728362510.44047,38.42,0.4124,38.06,0.3967,38.33,0.42,2,1728362569.92766,0,True,True,False,,,
-1000,0,1728345401.86564,60,1728362570.47994,38.01,0.4326,37.85,0.4108,38.33,0.42,2,1728362628.76091,0,False,False,True,,,
-1000,0,1728345401.86564,60,1728362630.49986,37.72,0.4449,37.61,0.4209,38.33,0.42,2,1728362689.03862,0,False,False,True,,,
-1000,0,1728345401.86564,60,1728362690.54037,37.76,0.4487,37.6,0.4267,38.33,0.42,2,1728362749.3957,0,False,False,True,,,
-1000,0,1728345401.86564,60,1728362750.55783,37.97,0.4487,37.77,0.429,38.33,0.42,2,1728362809.6814,0,False,False,True,,,
-1000,0,1728345401.86564,60,1728362810.57188,38.28,0.4473,37.88,0.4294,38.33,0.42,2,1728362870.0105,0,False,False,True,,,
-1000,0,1728345401.86564,60,1728362870.59297,38.42,0.4126,38.06,0.3969,38.33,0.42,2,1728362929.31394,0,True,True,False,,,
-1000,0,1728345401.86564,60,1728362930.61154,38.03,0.4334,37.86,0.4118,38.33,0.42,2,1728362989.91349,0,False,False,True,,,
-1000,0,1728345401.86564,60,1728362990.63467,37.73,0.4454,37.61,0.4218,38.33,0.42,2,1728363050.14208,0,False,False,True,,,
-1000,0,1728345401.86564,60,1728363050.65664,37.82,0.4499,37.6,0.4279,38.33,0.42,2,1728363110.41025,0,False,False,True,,,
-1000,0,1728345401.86564,60,1728363110.69107,37.98,0.4497,37.76,0.4299,38.33,0.42,2,1728363170.67142,0,False,False,True,,,
-1000,0,1728345401.86564,60,1728363170.70876,38.26,0.4481,37.92,0.4303,38.33,0.42,2,1728363228.99767,0,False,False,True,,,
-1000,0,1728345401.86564,60,1728363230.74282,38.47,0.4135,38.07,0.3973,38.33,0.42,2,1728363289.33011,0,True,True,False,,,
-1000,0,1728345401.86564,60,1728363290.76899,38,0.4293,37.85,0.4073,38.33,0.42,2,1728363349.81257,0,False,False,True,,,
-1000,0,1728345401.86564,60,1728363350.78432,37.65,0.4429,37.59,0.4184,38.33,0.42,2,1728363410.10061,0,False,False,True,,,
-1000,0,1728345401.86564,60,1728363410.82267,37.73,0.4475,37.53,0.4249,38.33,0.42,2,1728363470.36815,0,False,False,True,,,
-1000,0,1728345401.86564,60,1728363470.85248,37.89,0.4477,37.62,0.4272,38.33,0.42,2,1728363530.7061,0,False,False,True,,,
-1000,0,1728345401.86564,60,1728363530.88027,38.22,0.4463,37.82,0.4281,38.33,0.42,2,1728363589.02227,0,False,False,True,,,
-1000,0,1728345401.86564,60,1728363590.89959,38.45,0.4168,38.05,0.4017,38.33,0.42,2,1728363649.43495,0,True,True,False,,,
-1000,0,1728345401.86564,60,1728363650.9386,38.12,0.431,37.89,0.4102,38.33,0.42,2,1728363709.76187,0,False,False,True,,,
-1000,0,1728345401.86564,60,1728363710.9581,37.75,0.4443,37.65,0.4207,38.33,0.42,2,1728363770.02723,0,False,False,True,,,
-1000,0,1728345401.86564,60,1728363770.9867,37.78,0.4491,37.58,0.4266,38.33,0.42,2,1728363830.35985,0,False,False,True,,,
-1000,0,1728345401.86564,60,1728363831.00985,37.96,0.4491,37.71,0.4291,38.33,0.42,2,1728363890.6827,0,False,False,True,,,
-1000,0,1728345401.86564,60,1728363891.02045,38.23,0.4475,37.84,0.4293,38.33,0.42,2,1728363950.97004,0,False,False,True,,,
-1000,0,1728345401.86564,60,1728363951.04401,38.44,0.4135,38.07,0.3985,38.33,0.42,2,1728364009.1975,0,True,True,False,,,
-1000,0,1728345401.86564,60,1728364011.07319,38.04,0.4329,37.87,0.4115,38.33,0.42,2,1728364069.51088,0,False,False,True,,,
-1000,0,1728345401.86564,60,1728364071.11549,37.71,0.4457,37.63,0.4216,38.33,0.42,2,1728364129.79815,0,False,False,True,,,
-1000,0,1728345401.86564,60,1728364131.13002,37.71,0.45,37.56,0.4275,38.33,0.42,2,1728364190.09863,0,False,False,True,,,
-1000,0,1728345401.86564,60,1728364191.15984,37.94,0.45,37.68,0.4298,38.33,0.42,2,1728364250.45846,0,False,False,True,,,
-1000,0,1728345401.86564,60,1728364251.17822,38.21,0.448,37.87,0.4303,38.33,0.42,2,1728364310.76893,0,False,False,True,,,
-1000,0,1728345401.86564,60,1728364311.21942,38.44,0.4134,38.03,0.399,38.33,0.42,2,1728364370.00425,0,True,True,False,,,
-1000,0,1728345401.86564,60,1728364371.2329,38.07,0.4344,37.84,0.4127,38.33,0.42,2,1728364430.32422,0,False,False,True,,,
-1000,0,1728345401.86564,60,1728364431.24964,37.69,0.4469,37.63,0.4227,38.33,0.42,2,1728364490.75311,0,False,False,True,,,
-1000,0,1728345401.86564,60,1728364491.27015,37.69,0.4513,37.55,0.4289,38.33,0.42,2,1728364551.0875,0,False,False,True,,,
-1000,0,1728345401.86564,60,1728364551.29994,37.92,0.4512,37.67,0.4309,38.33,0.42,2,1728364609.3418,0,False,False,True,,,
-1000,0,1728345401.86564,60,1728364611.31976,38.23,0.4492,37.83,0.431,38.33,0.42,2,1728364669.64357,0,False,False,True,,,
-1000,0,1728345401.86564,60,1728364671.35056,38.44,0.4212,38.05,0.4067,38.33,0.42,2,1728364730.64792,0,True,False,False,,,
-1000,0,1728345401.86564,60,1728364731.36019,38.18,0.422,37.94,0.4024,38.33,0.42,2,1728364790.98452,0,False,False,True,,,
-1000,0,1728345401.86564,60,1728364791.39958,37.71,0.4377,37.63,0.4137,38.33,0.42,2,1728364851.31774,0,False,False,True,,,
-1000,0,1728345401.86564,60,1728364851.42772,37.67,0.4443,37.53,0.4212,38.33,0.42,2,1728364909.64925,0,False,False,True,,,
-1000,0,1728345401.86564,60,1728364911.45469,37.9,0.4453,37.59,0.4247,38.33,0.42,2,1728364969.96133,0,False,False,True,,,
-1000,0,1728345401.86564,60,1728364971.48936,38.13,0.4443,37.8,0.4255,38.33,0.42,2,1728365030.31158,0,False,False,True,,,
-1000,0,1728345401.86564,60,1728365031.51118,38.37,0.4339,37.96,0.4181,38.33,0.42,2,1728365090.87695,0,True,False,False,,,
-1000,0,1728345401.86564,60,1728365091.52978,38.27,0.4223,38.02,0.4038,38.33,0.42,2,1728365151.22465,0,False,False,True,,,
-1000,0,1728345401.86564,60,1728365151.57214,37.81,0.4373,37.72,0.4136,38.33,0.42,2,1728365211.54369,0,False,False,True,,,
-1000,0,1728345401.86564,60,1728365211.58548,37.71,0.4441,37.54,0.4213,38.33,0.42,2,1728365269.90871,0,False,False,True,,,
-1000,0,1728345401.86564,60,1728365271.60448,37.9,0.4456,37.68,0.4247,38.33,0.42,2,1728365330.20195,0,False,False,True,,,
-1000,0,1728345401.86564,60,1728365331.63518,38.14,0.4442,37.81,0.4254,38.33,0.42,2,1728365390.52473,0,False,False,True,,,
-1000,0,1728345401.86564,60,1728365391.65224,38.43,0.4278,38.02,0.4119,38.33,0.42,2,1728365451.05524,0,True,False,False,,,
-1000,0,1728345401.86564,60,1728365451.6724,38.25,0.4206,37.97,0.4012,38.33,0.42,2,1728365511.35703,0,False,False,True,,,
-1000,0,1728345401.86564,60,1728365511.70379,37.75,0.4348,37.68,0.4112,38.33,0.42,2,1728365569.71342,0,False,False,True,,,
-1000,0,1728345401.86564,60,1728365571.7179,37.61,0.4425,37.49,0.4193,38.33,0.42,2,1728365630.05406,0,False,False,True,,,
-1000,0,1728345401.86564,60,1728365631.75862,37.8,0.4442,37.59,0.4229,38.33,0.42,2,1728365690.37455,0,False,False,True,,,
-1000,0,1728345401.86564,60,1728365691.7724,38.04,0.4427,37.77,0.424,38.33,0.42,2,1728365750.65703,0,False,False,True,,,
-1000,0,1728345401.86564,60,1728365751.78402,38.38,0.4382,37.91,0.4218,38.33,0.42,2,1728365811.48629,0,True,False,False,,,
-1000,0,1728345401.86564,60,1728365811.79966,38.36,0.4213,38.02,0.4026,38.33,0.42,2,1728365871.77693,0,True,False,False,,,
-1000,0,1728345401.86564,60,1728365871.81706,37.84,0.4408,37.73,0.4173,38.33,0.42,2,1728365930.01347,0,False,False,True,,,
-1000,0,1728345401.86564,60,1728365931.85378,37.66,0.4484,37.54,0.425,38.33,0.42,2,1728365990.33021,0,False,False,True,,,
-1000,0,1728345401.86564,60,1728365991.8676,37.82,0.4495,37.57,0.4287,38.33,0.42,2,1728366050.65984,0,False,False,True,,,
-1000,0,1728345401.86564,60,1728366051.88933,38.04,0.4479,37.79,0.4294,38.33,0.42,2,1728366111.03325,0,False,False,True,,,
-1000,0,1728345401.86564,60,1728366111.92535,38.36,0.443,37.96,0.4268,38.33,0.42,2,1728366171.64807,0,True,False,False,,,
-1000,0,1728345401.86564,60,1728366171.96283,38.35,0.4207,38.02,0.4023,38.33,0.42,2,1728366229.96636,0,True,False,False,,,
-1000,0,1728345401.86564,60,1728366231.99711,37.84,0.4403,37.73,0.4168,38.33,0.42,2,1728366290.48341,0,False,False,True,,,
-1000,0,1728345401.86564,60,1728366292.02023,37.65,0.4485,37.55,0.4251,38.33,0.42,2,1728366350.72581,0,False,False,True,,,
-1000,0,1728345401.86564,60,1728366352.05216,37.8,0.4499,37.57,0.429,38.33,0.42,2,1728366411.01864,0,False,False,True,,,
-1000,0,1728345401.86564,60,1728366412.09094,38.03,0.4483,37.78,0.4296,38.33,0.42,2,1728366471.42005,0,False,False,True,,,
-1000,0,1728345401.86564,60,1728366472.10768,38.32,0.4458,37.94,0.4289,38.33,0.42,2,1728366530.19837,0,False,False,True,,,
-1000,0,1728345401.86564,60,1728366532.14306,38.42,0.4181,38.07,0.401,38.33,0.42,2,1728366590.51035,0,True,True,False,,,
-1000,0,1728345401.86564,60,1728366592.17225,37.89,0.4376,37.79,0.4144,38.33,0.42,2,1728366650.82175,0,False,False,True,,,
-1000,0,1728345401.86564,60,1728366652.18672,37.65,0.4478,37.55,0.4237,38.33,0.42,2,1728366711.09711,0,False,False,True,,,
-1000,0,1728345401.86564,60,1728366712.22435,37.73,0.45,37.56,0.4285,38.33,0.42,2,1728366771.42102,0,False,False,True,,,
-1000,0,1728345401.86564,60,1728366772.24204,37.96,0.4488,37.67,0.4296,38.33,0.42,2,1728366831.60837,0,False,False,True,,,
-1000,0,1728345401.86564,60,1728366832.2611,38.28,0.4466,37.86,0.429,38.33,0.42,2,1728366891.85156,0,False,False,True,,,
-1000,0,1728345401.86564,60,1728366892.29858,38.41,0.4163,38.04,0.3994,38.33,0.42,2,1728366952.19244,0,True,True,False,,,
-1000,0,1728345401.86564,60,1728366952.33559,37.94,0.4369,37.8,0.4142,38.33,0.42,2,1728367010.57647,0,False,False,True,,,
-1000,0,1728345401.86564,60,1728367012.35757,37.71,0.4462,37.59,0.4229,38.33,0.42,2,1728367070.93346,0,False,False,True,,,
-1000,0,1728345401.86564,60,1728367072.37,37.8,0.4486,37.57,0.4272,38.33,0.42,2,1728367131.21066,0,False,False,True,,,
-1000,0,1728345401.86564,60,1728367132.3891,38.01,0.4475,37.74,0.4288,38.33,0.42,2,1728367191.45306,0,False,False,True,,,
-1000,0,1728345401.86564,60,1728367192.41259,38.33,0.4453,37.93,0.4278,38.33,0.42,2,1728367252.09798,0,True,False,False,,,
-1000,0,1728345401.86564,60,1728367252.44554,38.35,0.4174,37.98,0.3993,38.33,0.42,2,1728367312.39769,0,True,True,False,,,
-1000,0,1728345401.86564,60,1728367312.47387,37.88,0.4379,37.76,0.4152,38.33,0.42,2,1728367370.87152,0,False,False,True,,,
-1000,0,1728345401.86564,60,1728367372.50915,37.72,0.4463,37.57,0.4228,38.33,0.42,2,1728367431.20814,0,False,False,True,,,
-1000,0,1728345401.86564,60,1728367432.5317,37.87,0.4476,37.59,0.4263,38.33,0.42,2,1728367491.56856,0,False,False,True,,,
-1000,0,1728345401.86564,60,1728367492.56039,38.1,0.4462,37.81,0.4276,38.33,0.42,2,1728367551.85571,0,False,False,True,,,
-1000,0,1728345401.86564,60,1728367552.57572,38.4,0.4389,37.98,0.422,38.33,0.42,2,1728367610.80531,0,True,False,False,,,
-1000,0,1728345401.86564,60,1728367612.61412,38.32,0.4204,38.03,0.4018,38.33,0.42,2,1728367671.36268,0,False,True,True,,,
-1000,0,1728345401.86564,60,1728367672.62873,37.85,0.44,37.78,0.417,38.33,0.42,2,1728367731.60198,0,False,False,True,,,
-1000,0,1728345401.86564,60,1728367732.66048,37.69,0.4472,37.56,0.4244,38.33,0.42,2,1728367791.90452,0,False,False,True,,,
-1000,0,1728345401.86564,60,1728367792.69247,37.86,0.4485,37.62,0.428,38.33,0.42,2,1728367852.17908,0,False,False,True,,,
-1000,0,1728345401.86564,60,1728367852.72888,38.08,0.4469,37.79,0.4286,38.33,0.42,2,1728367912.45722,0,False,False,True,,,
-1000,0,1728345401.86564,60,1728367912.76852,38.39,0.4393,37.95,0.4227,38.33,0.42,2,1728367970.94923,0,True,False,False,,,
-1000,0,1728345401.86564,60,1728367972.79168,38.32,0.4208,37.99,0.4021,38.33,0.42,2,1728368031.29236,0,False,False,True,,,
-1000,0,1728345401.86564,60,1728368032.82879,37.85,0.4373,37.72,0.4142,38.33,0.42,2,1728368091.60364,0,False,False,True,,,
-1000,0,1728345401.86564,60,1728368092.87099,37.7,0.4447,37.56,0.4216,38.33,0.42,2,1728368151.95867,0,False,False,True,,,
-1000,0,1728345401.86564,60,1728368152.88436,37.86,0.4456,37.61,0.4246,38.33,0.42,2,1728368212.17835,0,False,False,True,,,
-1000,0,1728345401.86564,60,1728368212.89661,38.09,0.4442,37.79,0.4256,38.33,0.42,2,1728368272.43278,0,False,False,True,,,
-1000,0,1728345401.86564,60,1728368272.91539,38.4,0.432,37.98,0.4157,38.33,0.42,2,1728368332.77597,0,True,False,False,,,
-1000,0,1728345401.86564,60,1728368332.95282,38.29,0.4214,37.98,0.4029,38.33,0.42,2,1728368391.30319,0,False,False,True,,,
-1000,0,1728345401.86564,60,1728368392.9864,37.82,0.4344,37.7,0.4116,38.33,0.42,2,1728368451.63828,0,False,False,True,,,
-1000,0,1728345401.86564,60,1728368453.00812,37.72,0.4417,37.54,0.4191,38.33,0.42,2,1728368511.91041,0,False,False,True,,,
-1000,0,1728345401.86564,60,1728368513.03958,37.85,0.443,37.61,0.4221,38.33,0.42,2,1728368572.17923,0,False,False,True,,,
-1000,0,1728345401.86564,60,1728368573.06964,38.1,0.4413,37.78,0.4229,38.33,0.42,2,1728368632.56415,0,False,False,True,,,
-1000,0,1728345401.86564,60,1728368633.08193,38.39,0.4271,38,0.4116,38.33,0.42,2,1728368691.29828,0,True,False,False,,,
-1000,0,1728345401.86564,60,1728368693.10692,38.26,0.4262,37.97,0.4063,38.33,0.42,2,1728368751.57332,0,False,False,True,,,
-1000,0,1728345401.86564,60,1728368753.14418,37.79,0.4435,37.72,0.42,38.33,0.42,2,1728368811.82004,0,False,False,True,,,
-1000,0,1728345401.86564,60,1728368813.18478,37.72,0.4482,37.56,0.4256,38.33,0.42,2,1728368872.1698,0,False,False,True,,,
-1000,0,1728345401.86564,60,1728368873.19574,37.93,0.4483,37.66,0.4282,38.33,0.42,2,1728368932.44545,0,False,False,True,,,
-1000,0,1728345401.86564,60,1728368933.23165,38.14,0.4462,37.81,0.4277,38.33,0.42,2,1728368992.71168,0,False,False,True,,,
-1000,0,1728345401.86564,60,1728368993.26051,38.43,0.4224,38.04,0.408,38.33,0.42,2,1728369051.50624,0,True,False,False,,,
-1000,0,1728345401.86564,60,1728369053.28043,38.21,0.4248,37.98,0.405,38.33,0.42,2,1728369112.28858,0,False,False,True,,,
-1000,0,1728345401.86564,60,1728369113.31403,37.74,0.4386,37.71,0.4155,38.33,0.42,2,1728369172.51756,0,False,False,True,,,
-1000,0,1728345401.86564,60,1728369173.33757,37.69,0.4445,37.52,0.422,38.33,0.42,2,1728369232.77416,0,False,False,True,,,
-1000,0,1728345401.86564,60,1728369233.35711,37.92,0.4447,37.65,0.4243,38.33,0.42,2,1728369293.0349,0,False,False,True,,,
-1000,0,1728345401.86564,60,1728369293.38189,38.11,0.4425,37.79,0.4243,38.33,0.42,2,1728369353.25291,0,False,False,True,,,
-1000,0,1728345401.86564,60,1728369353.39644,38.43,0.4255,38.02,0.4114,38.33,0.42,2,1728369411.58292,0,True,False,False,,,
-1000,0,1728345401.86564,60,1728369413.4256,38.26,0.423,37.94,0.4038,38.33,0.42,2,1728369472.65557,0,False,False,True,,,
-1000,0,1728345401.86564,60,1728369473.44386,37.77,0.4377,37.67,0.414,38.33,0.42,2,1728369532.90313,0,False,False,True,,,
-1000,0,1728345401.86564,60,1728369533.45284,37.73,0.444,37.56,0.4209,38.33,0.42,2,1728369593.2379,0,False,False,True,,,
-1000,0,1728345401.86564,60,1728369593.48307,37.89,0.4445,37.64,0.4239,38.33,0.42,2,1728369651.51737,0,False,False,True,,,
-1000,0,1728345401.86564,60,1728369653.49536,38.08,0.4426,37.79,0.4241,38.33,0.42,2,1728369711.84403,0,False,False,True,,,
-1000,0,1728345401.86564,60,1728369713.51584,38.41,0.4383,37.99,0.4215,38.33,0.42,2,1728369772.79486,0,True,False,False,,,
-1000,0,1728345401.86564,60,1728369773.55055,38.33,0.4191,38.03,0.4018,38.33,0.42,2,1728369831.43,0,True,False,False,,,
-1000,0,1728345401.86564,60,1728369833.57647,37.83,0.4456,37.72,0.422,38.33,0.42,2,1728369892.21397,0,False,False,True,,,
-1000,0,1728345401.86564,60,1728369893.61216,37.65,0.4519,37.53,0.4291,38.33,0.42,2,1728369952.54771,0,False,False,True,,,
-1000,0,1728345401.86564,60,1728369953.64237,37.77,0.4524,37.55,0.4314,38.33,0.42,2,1728370012.82675,0,False,False,True,,,
-1000,0,1728345401.86564,60,1728370013.68164,38.05,0.4497,37.75,0.4312,38.33,0.42,2,1728370073.15929,0,False,False,True,,,
-1000,0,1728345401.86564,60,1728370073.70771,38.37,0.446,37.95,0.4298,38.33,0.42,2,1728370131.75673,0,True,False,False,,,
-1000,0,1728345401.86564,60,1728370133.73197,38.38,0.418,38.04,0.4001,38.33,0.42,2,1728370192.06219,0,True,True,False,,,
-1000,0,1728345401.86564,60,1728370193.76794,37.87,0.4388,37.75,0.4157,38.33,0.42,2,1728370252.47393,0,False,False,True,,,
-1000,0,1728345401.86564,60,1728370253.80423,37.71,0.4469,37.54,0.4237,38.33,0.42,2,1728370312.878,0,False,False,True,,,
-1000,0,1728345401.86564,60,1728370313.83646,37.78,0.4482,37.58,0.4268,38.33,0.42,2,1728370373.19135,0,False,False,True,,,
-1000,0,1728345401.86564,60,1728370373.87553,38.03,0.4463,37.74,0.4276,38.33,0.42,2,1728370433.46256,0,False,False,True,,,
-1000,0,1728345401.86564,60,1728370433.91124,38.36,0.4427,37.92,0.4261,38.33,0.42,2,1728370491.96995,0,True,False,False,,,
-1000,0,1728345401.86564,60,1728370493.94894,38.34,0.4188,38.02,0.4014,38.33,0.42,2,1728370552.26342,0,True,True,False,,,
-1000,0,1728345401.86564,60,1728370553.96898,37.82,0.4379,37.75,0.4147,38.33,0.42,2,1728370612.89304,0,False,False,True,,,
-1000,0,1728345401.86564,60,1728370613.9849,37.64,0.4458,37.53,0.4224,38.33,0.42,2,1728370673.20355,0,False,False,True,,,
-1000,0,1728345401.86564,60,1728370674.02441,37.78,0.447,37.57,0.4261,38.33,0.42,2,1728370733.56023,0,False,False,True,,,
-1000,0,1728345401.86564,60,1728370734.0431,38.01,0.4455,37.75,0.4267,38.33,0.42,2,1728370793.8573,0,False,False,True,,,
-1000,0,1728345401.86564,60,1728370794.06854,38.34,0.4422,37.95,0.4252,38.33,0.42,2,1728370852.68124,0,True,False,False,,,
-1000,0,1728345401.86564,60,1728370854.07821,38.37,0.4171,38.01,0.3987,38.33,0.42,2,1728370913.0566,0,True,True,False,,,
-1000,0,1728345401.86564,60,1728370914.11371,37.86,0.4391,37.74,0.416,38.33,0.42,2,1728370973.41638,0,False,False,True,,,
-1000,0,1728345401.86564,60,1728370974.13665,37.62,0.4439,37.51,0.4208,38.33,0.42,2,1728371033.67062,0,False,False,True,,,
-1000,0,1728345401.86564,60,1728371034.15226,37.72,0.4424,37.5,0.4213,38.33,0.42,2,1728371094.05268,0,False,False,True,,,
-1000,0,1728345401.86564,60,1728371094.16048,37.94,0.4386,37.68,0.4197,38.33,0.42,2,1728371152.32096,0,False,False,True,,,
-1000,0,1728345401.86564,60,1728371154.19695,38.2,0.4333,37.82,0.4162,38.33,0.42,2,1728371212.69346,0,False,False,True,,,
-1000,0,1728345401.86564,60,1728371214.23051,38.43,0.4112,38.02,0.3952,38.33,0.42,2,1728371273.71293,0,True,True,False,,,
-1000,0,1728345401.86564,60,1728371274.2642,38.01,0.4318,37.81,0.4107,38.33,0.42,2,1728371333.98288,0,False,False,True,,,
-1000,0,1728345401.86564,60,1728371334.29347,37.73,0.4394,37.58,0.4164,38.33,0.42,2,1728371392.30185,0,False,False,True,,,
-1000,0,1728345401.86564,60,1728371394.31324,37.71,0.4398,37.54,0.4181,38.33,0.42,2,1728371452.60952,0,False,False,True,,,
-1000,0,1728345401.86564,60,1728371454.34238,37.93,0.4361,37.64,0.4167,38.33,0.42,2,1728371512.96687,0,False,False,True,,,
-1000,0,1728345401.86564,60,1728371514.36507,38.17,0.4315,37.84,0.4143,38.33,0.42,2,1728371573.25457,0,False,False,True,,,
-1000,0,1728345401.86564,60,1728371574.38355,38.4,0.4121,37.98,0.3959,38.33,0.42,2,1728371634.13786,0,True,True,False,,,
-1000,0,1728345401.86564,60,1728371634.4173,38.08,0.4305,37.85,0.41,38.33,0.42,2,1728371692.46458,0,False,False,True,,,
-1000,0,1728345401.86564,60,1728371694.44332,37.69,0.4397,37.6,0.4162,38.33,0.42,2,1728371752.79192,0,False,False,True,,,
-1000,0,1728345401.86564,60,1728371754.46156,37.68,0.4404,37.54,0.4184,38.33,0.42,2,1728371813.03905,0,False,False,True,,,
-1000,0,1728345401.86564,60,1728371814.47268,37.89,0.4372,37.59,0.4173,38.33,0.42,2,1728371873.34857,0,False,False,True,,,
-1000,0,1728345401.86564,60,1728371874.51176,38.12,0.4327,37.78,0.4148,38.33,0.42,2,1728371933.68771,0,False,False,True,,,
-1000,0,1728345401.86564,60,1728371934.54157,38.35,0.4262,37.96,0.4106,38.33,0.42,2,1728371994.04994,0,True,False,False,,,
-1000,0,1728345401.86564,60,1728371994.56628,38.22,0.4285,37.95,0.4084,38.33,0.42,2,1728372054.39862,0,False,False,True,,,
-1000,0,1728345401.86564,60,1728372054.57591,37.77,0.4411,37.69,0.4182,38.33,0.42,2,1728372112.67385,0,False,False,True,,,
-1000,0,1728345401.86564,60,1728372114.5959,37.74,0.4425,37.62,0.4204,38.33,0.42,2,1728372173.07213,0,False,False,True,,,
-1000,0,1728345401.86564,60,1728372174.60824,37.92,0.4391,37.65,0.4191,38.33,0.42,2,1728372233.38738,0,False,False,True,,,
-1000,0,1728345401.86564,60,1728372234.61839,38.12,0.434,37.79,0.4161,38.33,0.42,2,1728372293.71795,0,False,False,True,,,
-1000,0,1728345401.86564,60,1728372294.64617,38.39,0.4225,37.98,0.4058,38.33,0.42,2,1728372354.01991,0,True,False,False,,,
-1000,0,1728345401.86564,60,1728372354.67003,38.17,0.4298,37.9,0.4099,38.33,0.42,2,1728372414.26446,0,False,False,True,,,
-1000,0,1728345401.86564,60,1728372414.70467,37.78,0.4394,37.7,0.4163,38.33,0.42,2,1728372474.53698,0,False,False,True,,,
-1000,0,1728345401.86564,60,1728372474.71052,37.74,0.4404,37.57,0.418,38.33,0.42,2,1728372532.8651,0,False,False,True,,,
-1000,0,1728345401.86564,60,1728372534.7422,37.9,0.4372,37.63,0.4171,38.33,0.42,2,1728372593.22962,0,False,False,True,,,
-1000,0,1728345401.86564,60,1728372594.76624,38.15,0.4324,37.8,0.4145,38.33,0.42,2,1728372653.52563,0,False,False,True,,,
-1000,0,1728345401.86564,60,1728372654.80504,38.39,0.4183,38.02,0.4034,38.33,0.42,2,1728372713.84301,0,True,True,False,,,
-1000,0,1728345401.86564,60,1728372714.83571,38.2,0.4266,37.9,0.4066,38.33,0.42,2,1728372774.16348,0,False,False,True,,,
-1000,0,1728345401.86564,60,1728372774.85162,37.75,0.4364,37.63,0.4134,38.33,0.42,2,1728372834.42144,0,False,False,True,,,
-1000,0,1728345401.86564,60,1728372834.87084,37.71,0.4379,37.56,0.4156,38.33,0.42,2,1728372894.64118,0,False,False,True,,,
-1000,0,1728345401.86564,60,1728372894.88576,37.89,0.4349,37.61,0.4151,38.33,0.42,2,1728372952.87985,0,False,False,True,,,
-1000,0,1728345401.86564,60,1728372954.91612,38.1,0.4302,37.79,0.4125,38.33,0.42,2,1728373013.26881,0,False,False,True,,,
-1000,0,1728345401.86564,60,1728373014.94307,38.36,0.4205,37.99,0.4044,38.33,0.42,2,1728373073.65383,0,True,False,False,,,
-1000,0,1728345401.86564,60,1728373074.9827,38.19,0.4269,37.91,0.4069,38.33,0.42,2,1728373133.90507,0,False,False,True,,,
-1000,0,1728345401.86564,60,1728373135.00095,37.76,0.4362,37.66,0.4133,38.33,0.42,2,1728373194.25019,0,False,False,True,,,
-1000,0,1728345401.86564,60,1728373195.03649,37.71,0.4381,37.52,0.4158,38.33,0.42,2,1728373254.67831,0,False,False,True,,,
-1000,0,1728345401.86564,60,1728373255.05982,37.89,0.4348,37.63,0.4152,38.33,0.42,2,1728373314.99068,0,False,False,True,,,
-1000,0,1728345401.86564,60,1728373315.10043,38.09,0.4306,37.76,0.4125,38.33,0.42,2,1728373373.18255,0,False,False,True,,,
-1000,0,1728345401.86564,60,1728373375.11227,38.36,0.4236,37.93,0.408,38.33,0.42,2,1728373434.03452,0,True,False,False,,,
-1000,0,1728345401.86564,60,1728373435.14993,38.23,0.4219,37.96,0.4032,38.33,0.42,2,1728373494.59209,0,False,False,True,,,
-1000,0,1728345401.86564,60,1728373495.15709,37.83,0.4307,37.74,0.409,38.33,0.42,2,1728373554.86622,0,False,False,True,,,
-1000,0,1728345401.86564,60,1728373555.17955,37.8,0.4331,37.63,0.4116,38.33,0.42,2,1728373615.16999,0,False,False,True,,,
-1000,0,1728345401.86564,60,1728373615.20941,37.94,0.4301,37.74,0.4108,38.33,0.42,2,1728373673.49824,0,False,False,True,,,
-1000,0,1728345401.86564,60,1728373675.23742,38.18,0.4255,37.81,0.4082,38.33,0.42,2,1728373733.78095,0,False,False,True,,,
-1000,0,1728345401.86564,60,1728373735.25233,38.41,0.4133,38.03,0.397,38.33,0.42,2,1728373794.0384,0,True,True,False,,,
-1000,0,1728345401.86564,60,1728373795.26843,38.04,0.434,37.83,0.4125,38.33,0.42,2,1728373854.71902,0,False,False,True,,,
-1000,0,1728345401.86564,60,1728373855.30539,37.73,0.4408,37.57,0.4176,38.33,0.42,2,1728373915.02666,0,False,False,True,,,
-1000,0,1728345401.86564,60,1728373915.33999,37.73,0.4399,37.57,0.4183,38.33,0.42,2,1728373975.3116,0,False,False,True,,,
-1000,0,1728345401.86564,60,1728373975.35162,37.96,0.4358,37.66,0.4165,38.33,0.42,2,1728374033.64024,0,False,False,True,,,
-1000,0,1728345401.86564,60,1728374035.36193,38.19,0.4308,37.82,0.4138,38.33,0.42,2,1728374094.079,0,False,False,True,,,
-1000,0,1728345401.86564,60,1728374095.37613,38.42,0.4111,38.02,0.3956,38.33,0.42,2,1728374154.77644,0,True,True,False,,,
-1000,0,1728345401.86564,60,1728374155.39626,38.04,0.4336,37.85,0.4124,38.33,0.42,2,1728374215.10575,0,False,False,True,,,
-1000,0,1728345401.86564,60,1728374215.41944,37.7,0.441,37.55,0.4176,38.33,0.42,2,1728374275.38734,0,False,False,True,,,
-1000,0,1728345401.86564,60,1728374275.46244,37.71,0.4409,37.51,0.419,38.33,0.42,2,1728374333.61754,0,False,False,True,,,
-1000,0,1728345401.86564,60,1728374335.49064,37.92,0.4366,37.66,0.4168,38.33,0.42,2,1728374393.95295,0,False,False,True,,,
-1000,0,1728345401.86564,60,1728374395.52425,38.16,0.4311,37.81,0.4137,38.33,0.42,2,1728374454.19233,0,False,False,True,,,
-1000,0,1728345401.86564,60,1728374455.5554,38.4,0.4122,37.97,0.3967,38.33,0.42,2,1728374513.67282,0,True,True,False,,,
-1000,0,1728345401.86564,60,1728374515.57308,38.09,0.4332,37.87,0.4126,38.33,0.42,2,1728374574.05975,0,False,False,True,,,
-1000,0,1728345401.86564,60,1728374575.59879,37.71,0.4415,37.62,0.4182,38.33,0.42,2,1728374634.26994,0,False,False,True,,,
-1000,0,1728345401.86564,60,1728374635.63334,37.71,0.4413,37.54,0.4195,38.33,0.42,2,1728374694.54163,0,False,False,True,,,
-1000,0,1728345401.86564,60,1728374695.67316,37.93,0.437,37.62,0.4173,38.33,0.42,2,1728374754.99153,0,False,False,True,,,
-1000,0,1728345401.86564,60,1728374755.71192,38.14,0.432,37.81,0.414,38.33,0.42,2,1728374815.33416,0,False,False,True,,,
-1000,0,1728345401.86564,60,1728374815.74842,38.4,0.417,37.98,0.4019,38.33,0.42,2,1728374873.91203,0,True,True,False,,,
-1000,0,1728345401.86564,60,1728374875.77207,38.19,0.4233,37.92,0.4037,38.33,0.42,2,1728374934.71151,0,False,False,True,,,
-1000,0,1728345401.86564,60,1728374935.80674,37.83,0.4313,37.69,0.4093,38.33,0.42,2,1728374995.00144,0,False,False,True,,,
-1000,0,1728345401.86564,60,1728374995.82134,37.87,0.4319,37.68,0.411,38.33,0.42,2,1728375055.35137,0,False,False,True,,,
-1000,0,1728345401.86564,60,1728375055.83258,37.98,0.429,37.75,0.41,38.33,0.42,2,1728375115.63904,0,False,False,True,,,
-1000,0,1728345401.86564,60,1728375115.84848,38.27,0.4242,37.89,0.4075,38.33,0.42,2,1728375174.0162,0,False,False,True,,,
-1000,0,1728345401.86564,60,1728375175.89112,38.39,0.4204,38.04,0.4024,38.33,0.42,2,1728375234.44696,0,True,True,False,,,
-1000,0,1728345401.86564,60,1728375235.91452,37.95,0.4354,37.8,0.4135,38.33,0.42,2,1728375294.81641,0,False,False,True,,,
-1000,0,1728345401.86564,60,1728375295.94775,37.8,0.4384,37.65,0.4161,38.33,0.42,2,1728375355.12375,0,False,False,True,,,
-1000,0,1728345401.86564,60,1728375355.9807,37.91,0.436,37.71,0.4158,38.33,0.42,2,1728375415.43627,0,False,False,True,,,
-1000,0,1728345401.86564,60,1728375416.01996,38.12,0.4311,37.81,0.4129,38.33,0.42,2,1728375475.84902,0,False,False,True,,,
-1000,0,1728345401.86564,60,1728375476.05808,38.37,0.4209,38.02,0.4046,38.33,0.42,2,1728375534.1906,0,True,False,False,,,
-1000,0,1728345401.86564,60,1728375536.06911,38.16,0.4216,37.91,0.4026,38.33,0.42,2,1728375594.62587,0,False,False,True,,,
-1000,0,1728345401.86564,60,1728375596.09761,37.76,0.4321,37.67,0.4092,38.33,0.42,2,1728375654.99469,0,False,False,True,,,
-1000,0,1728345401.86564,60,1728375656.12111,37.71,0.434,37.54,0.4124,38.33,0.42,2,1728375715.38962,0,False,False,True,,,
-1000,0,1728345401.86564,60,1728375716.1437,37.87,0.4313,37.58,0.4121,38.33,0.42,2,1728375775.77049,0,False,False,True,,,
-1000,0,1728345401.86564,60,1728375776.18679,38.11,0.427,37.81,0.4095,38.33,0.42,2,1728375836.07053,0,False,False,True,,,
-1000,0,1728345401.86564,60,1728375836.21472,38.39,0.4168,37.93,0.4014,38.33,0.42,2,1728375894.85839,0,True,True,False,,,
-1000,0,1728345401.86564,60,1728375896.25844,38.21,0.4299,37.91,0.4088,38.33,0.42,2,1728375955.13789,0,False,False,True,,,
-1000,0,1728345401.86564,60,1728375956.29975,37.78,0.4427,37.65,0.4197,38.33,0.42,2,1728376015.4539,0,False,False,True,,,
-1000,0,1728345401.86564,60,1728376016.30859,37.69,0.4426,37.55,0.4206,38.33,0.42,2,1728376075.78685,0,False,False,True,,,
-1000,0,1728345401.86564,60,1728376076.33802,37.87,0.4385,37.6,0.4185,38.33,0.42,2,1728376136.18457,0,False,False,True,,,
-1000,0,1728345401.86564,60,1728376136.3606,38.12,0.433,37.77,0.4152,38.33,0.42,2,1728376194.51901,0,False,False,True,,,
-1000,0,1728345401.86564,60,1728376196.39234,38.37,0.422,38,0.4062,38.33,0.42,2,1728376254.99951,0,True,False,False,,,
-1000,0,1728345401.86564,60,1728376256.43525,38.18,0.4243,37.9,0.4052,38.33,0.42,2,1728376315.78003,0,False,False,True,,,
-1000,0,1728345401.86564,60,1728376316.46662,37.84,0.4328,37.68,0.4108,38.33,0.42,2,1728376376.04245,0,False,False,True,,,
-1000,0,1728345401.86564,60,1728376376.49169,37.8,0.4336,37.62,0.4127,38.33,0.42,2,1728376436.32838,0,False,False,True,,,
-1000,0,1728345401.86564,60,1728376436.50585,37.94,0.4306,37.71,0.4117,38.33,0.42,2,1728376494.59791,0,False,False,True,,,
-1000,0,1728345401.86564,60,1728376496.5174,38.21,0.4266,37.85,0.4092,38.33,0.42,2,1728376554.88206,0,False,False,True,,,
-1000,0,1728345401.86564,60,1728376556.55517,38.42,0.4133,38,0.3963,38.33,0.42,2,1728376615.39795,0,True,True,False,,,
-1000,0,1728345401.86564,60,1728376616.59587,38.01,0.4344,37.83,0.4131,38.33,0.42,2,1728376676.00318,0,False,False,True,,,
-1000,0,1728345401.86564,60,1728376676.61922,37.75,0.44,37.62,0.4172,38.33,0.42,2,1728376736.31963,0,False,False,True,,,
-1000,0,1728345401.86564,60,1728376736.63314,37.79,0.4386,37.55,0.4174,38.33,0.42,2,1728376796.59931,0,False,False,True,,,
-1000,0,1728345401.86564,60,1728376796.67545,37.97,0.4342,37.72,0.4154,38.33,0.42,2,1728376854.91832,0,False,False,True,,,
-1000,0,1728345401.86564,60,1728376856.6918,38.24,0.4291,37.82,0.4119,38.33,0.42,2,1728376915.15109,0,False,False,True,,,
-1000,0,1728345401.86564,60,1728376916.71994,38.42,0.4123,38.03,0.3963,38.33,0.42,2,1728376975.61923,0,True,True,False,,,
-1000,0,1728345401.86564,60,1728376976.74695,37.99,0.4319,37.83,0.4109,38.33,0.42,2,1728377035.98227,0,False,False,True,,,
-1000,0,1728345401.86564,60,1728377036.76427,37.7,0.439,37.57,0.4159,38.33,0.42,2,1728377096.29891,0,False,False,True,,,
-1000,0,1728345401.86564,60,1728377096.77415,37.69,0.4385,37.54,0.417,38.33,0.42,2,1728377156.70369,0,False,False,True,,,
-1000,0,1728345401.86564,60,1728377156.81381,37.93,0.4343,37.67,0.4154,38.33,0.42,2,1728377215.00658,0,False,False,True,,,
-1000,0,1728345401.86564,60,1728377216.84659,38.18,0.4294,37.79,0.4123,38.33,0.42,2,1728377275.29637,0,False,False,True,,,
-1000,0,1728345401.86564,60,1728377276.86632,38.39,0.4111,38.01,0.3953,38.33,0.42,2,1728377336.30372,0,True,True,False,,,
-1000,0,1728345401.86564,60,1728377336.88697,38.09,0.4239,37.88,0.4045,38.33,0.42,2,1728377396.65797,0,False,False,True,,,
-1000,0,1728345401.86564,60,1728377396.90426,37.78,0.4316,37.65,0.4097,38.33,0.42,2,1728377454.9136,0,False,False,True,,,
-1000,0,1728345401.86564,60,1728377456.92474,37.81,0.4321,37.56,0.4111,38.33,0.42,2,1728377515.19798,0,False,False,True,,,
-1000,0,1728345401.86564,60,1728377516.93891,37.96,0.4287,37.7,0.4098,38.33,0.42,2,1728377575.50932,0,False,False,True,,,
-1000,0,1728345401.86564,60,1728377576.97701,38.19,0.4237,37.82,0.4066,38.33,0.42,2,1728377635.91877,0,False,False,True,,,
-1000,0,1728345401.86564,60,1728377637.01247,38.41,0.4148,38.03,0.398,38.33,0.42,2,1728377695.14468,0,True,True,False,,,
-1000,0,1728345401.86564,60,1728377697.05389,38,0.4377,37.81,0.4157,38.33,0.42,2,1728377755.74637,0,False,False,True,,,
-1000,0,1728345401.86564,60,1728377757.07661,37.7,0.4426,37.57,0.4195,38.33,0.42,2,1728377816.06829,0,False,False,True,,,
-1000,0,1728345401.86564,60,1728377817.09193,37.78,0.4406,37.55,0.4191,38.33,0.42,2,1728377876.41304,0,False,False,True,,,
-1000,0,1728345401.86564,60,1728377877.1323,37.92,0.4355,37.67,0.4164,38.33,0.42,2,1728377936.68008,0,False,False,True,,,
-1000,0,1728345401.86564,60,1728377937.16327,38.2,0.4301,37.84,0.4126,38.33,0.42,2,1728377997.02467,0,False,False,True,,,
-1000,0,1728345401.86564,60,1728377997.20231,38.41,0.4108,38.04,0.3951,38.33,0.42,2,1728378055.34616,0,True,True,False,,,
-1000,0,1728345401.86564,60,1728378057.22238,38.11,0.3898,37.86,0.3728,38.33,0.42,2,1728378115.84352,0,False,True,True,,,
-1000,0,1728345401.86564,60,1728378117.24278,37.83,0.4016,37.72,0.3817,38.33,0.42,2,1728378176.17463,0,False,True,True,,,
-1000,0,1728345401.86564,60,1728378177.2619,37.88,0.4057,37.67,0.3861,38.33,0.42,2,1728378236.43879,0,False,True,True,,,
-1000,0,1728345401.86564,60,1728378237.29536,38.02,0.4052,37.79,0.3877,38.33,0.42,2,1728378296.69967,0,False,True,True,,,
-1000,0,1728345401.86564,60,1728378297.31894,38.27,0.4035,37.86,0.3871,38.33,0.42,2,1728378356.96055,0,False,True,True,,,
-1000,0,1728345401.86564,60,1728378357.34115,38.4,0.3737,38,0.3597,38.33,0.42,2,1728378417.15172,0,True,True,False,,,
-1000,0,1728345401.86564,60,1728378417.36093,37.99,0.3717,37.83,0.3542,38.33,0.42,2,1728378475.61062,0,False,True,True,,,
-1000,0,1728345401.86564,60,1728378477.37903,37.82,0.3822,37.65,0.363,38.33,0.42,2,1728378535.93059,0,False,True,True,,,
-1000,0,1728345401.86564,60,1728378537.40577,37.92,0.3867,37.68,0.3685,38.33,0.42,2,1728378596.26235,0,False,True,True,,,
-1000,0,1728345401.86564,60,1728378597.42413,38.05,0.3871,37.78,0.3706,38.33,0.42,2,1728378656.64757,0,False,True,True,,,
-1000,0,1728345401.86564,60,1728378657.43605,38.33,0.3867,37.9,0.3709,38.33,0.42,2,1728378716.99075,0,True,True,False,,,
-1000,0,1728345401.86564,60,1728378717.47494,38.37,0.3594,38.01,0.3451,38.33,0.42,2,1728378775.57317,0,True,True,False,,,
-1000,0,1728345401.86564,60,1728378777.51487,37.96,0.3665,37.79,0.3482,38.33,0.42,2,1728378836.17392,0,False,True,True,,,
-1000,0,1728345401.86564,60,1728378837.53486,37.87,0.3754,37.65,0.3569,38.33,0.42,2,1728378896.54305,0,False,True,True,,,
-1000,0,1728345401.86564,60,1728378897.56221,37.94,0.3785,37.71,0.3611,38.33,0.42,2,1728378956.87306,0,False,True,True,,,
-1000,0,1728345401.86564,60,1728378957.59201,38.16,0.379,37.81,0.363,38.33,0.42,2,1728379017.16567,0,False,True,True,,,
-1000,0,1728345401.86564,60,1728379017.61504,38.41,0.3723,38.01,0.358,38.33,0.42,2,1728379075.99396,0,True,True,False,,,
-1000,0,1728345401.86564,60,1728379077.6323,38.23,0.3502,37.94,0.335,38.33,0.42,2,1728379136.29814,0,False,True,True,,,
-1000,0,1728345401.86564,60,1728379137.66492,37.84,0.4127,37.72,0.388,38.33,0.42,2,1728379196.74883,0,False,True,True,,,
-1000,0,1728345401.86564,60,1728379197.67285,37.67,0.4324,37.51,0.4089,38.33,0.42,2,1728379257.07697,0,False,False,True,,,
-1000,0,1728345401.86564,60,1728379257.69317,37.78,0.4268,37.53,0.4057,38.33,0.42,2,1728379317.37322,0,False,False,True,,,
-1000,0,1728345401.86564,60,1728379317.71799,37.97,0.4198,37.68,0.4018,38.33,0.42,2,1728379377.68884,0,False,True,True,,,
-1000,0,1728345401.86564,60,1728379377.7305,38.25,0.4231,37.84,0.4062,38.33,0.42,2,1728379435.96262,0,False,False,True,,,
-1000,0,1728345401.86564,60,1728379437.77092,38.4,0.4209,38.01,0.4028,38.33,0.42,2,1728379496.37209,0,True,False,False,,,
-1000,0,1728345401.86564,60,1728379497.80453,37.96,0.4391,37.78,0.4163,38.33,0.42,2,1728379556.73732,0,False,False,True,,,
-1000,0,1728345401.86564,60,1728379557.83248,37.72,0.4407,37.6,0.4175,38.33,0.42,2,1728379617.0509,0,False,False,True,,,
-1000,0,1728345401.86564,60,1728379617.87209,37.81,0.437,37.62,0.416,38.33,0.42,2,1728379677.43453,0,False,False,True,,,
-1000,0,1728345401.86564,60,1728379677.88488,37.98,0.4309,37.74,0.4124,38.33,0.42,2,1728379737.75357,0,False,False,True,,,
-1000,0,1728345401.86564,60,1728379737.89504,38.25,0.4246,37.88,0.4077,38.33,0.42,2,1728379796.03995,0,False,False,True,,,
-1000,0,1728345401.86564,60,1728379797.91584,38.38,0.3927,38.01,0.3783,38.33,0.42,2,1728379856.35305,0,True,True,False,,,
-1000,0,1728345401.86564,60,1728379857.95745,37.99,0.3909,37.82,0.3725,38.33,0.42,2,1728379916.67222,0,False,True,True,,,
-1000,0,1728345401.86564,60,1728379917.9689,37.85,0.3986,37.71,0.3791,38.33,0.42,2,1728379977.02046,0,False,True,True,,,
-1000,0,1728345401.86564,60,1728379977.97926,37.97,0.4007,37.75,0.3821,38.33,0.42,2,1728380037.34067,0,False,True,True,,,
-1000,0,1728345401.86564,60,1728380037.99184,38.14,0.3992,37.81,0.3824,38.33,0.42,2,1728380097.5899,0,False,True,True,,,
-1000,0,1728345401.86564,60,1728380098.00271,38.4,0.392,38.01,0.3771,38.33,0.42,2,1728380156.04947,0,True,True,False,,,
-1000,0,1728345401.86564,60,1728380158.0279,38.22,0.3596,37.97,0.345,38.33,0.42,2,1728380216.3529,0,False,True,True,,,
-1000,0,1728345401.86564,60,1728380218.05838,37.88,0.3737,37.74,0.3549,38.33,0.42,2,1728380276.64327,0,False,True,True,,,
-1000,0,1728345401.86564,60,1728380278.07589,37.84,0.3803,37.6,0.3614,38.33,0.42,2,1728380336.9982,0,False,True,True,,,
-1000,0,1728345401.86564,60,1728380338.11138,37.94,0.3822,37.72,0.365,38.33,0.42,2,1728380397.39847,0,False,True,True,,,
-1000,0,1728345401.86564,60,1728380398.13492,38.19,0.3823,37.85,0.3666,38.33,0.42,2,1728380457.80978,0,False,True,True,,,
-1000,0,1728345401.86564,60,1728380458.15571,38.43,0.3712,38.05,0.3573,38.33,0.42,2,1728380518.08396,0,True,True,False,,,
-1000,0,1728345401.86564,60,1728380518.19358,38.18,0.3566,37.88,0.3406,38.33,0.42,2,1728380576.5139,0,False,True,True,,,
-1000,0,1728345401.86564,60,1728380578.21989,37.89,0.3688,37.74,0.3504,38.33,0.42,2,1728380636.77802,0,False,True,True,,,
-1000,0,1728345401.86564,60,1728380638.24518,37.86,0.3748,37.67,0.3566,38.33,0.42,2,1728380697.05585,0,False,True,True,,,
-1000,0,1728345401.86564,60,1728380698.28633,38.02,0.3766,37.77,0.3596,38.33,0.42,2,1728380757.32514,0,False,True,True,,,
-1000,0,1728345401.86564,60,1728380758.3164,38.28,0.3767,37.88,0.3609,38.33,0.42,2,1728380817.72411,0,False,True,True,,,
-1000,0,1728345401.86564,60,1728380818.34375,38.4,0.3555,38.02,0.3421,38.33,0.42,2,1728380877.52884,0,True,True,False,,,
-1000,0,1728345401.86564,60,1728380878.38555,38.02,0.3573,37.83,0.3405,38.33,0.42,2,1728380937.82222,0,False,True,True,,,
-1000,0,1728345401.86564,60,1728380938.40478,37.93,0.3664,37.76,0.3484,38.33,0.42,2,1728380998.10058,0,False,True,True,,,
-1000,0,1728345401.86564,60,1728380998.44748,38.01,0.3695,37.77,0.3524,38.33,0.42,2,1728381058.39241,0,False,True,True,,,
-1000,0,1728345401.86564,60,1728381058.46547,38.28,0.3704,37.91,0.355,38.33,0.42,2,1728381116.70055,0,False,True,True,,,
-1000,0,1728345401.86564,60,1728381118.47573,38.37,0.35,38.03,0.3358,38.33,0.42,2,1728381177.14547,0,True,True,False,,,
-1000,0,1728345401.86564,60,1728381178.50867,37.98,0.3536,37.81,0.3366,38.33,0.42,2,1728381237.52165,0,False,True,True,,,
-1000,0,1728345401.86564,60,1728381238.54845,37.89,0.3624,37.74,0.3443,38.33,0.42,2,1728381297.87673,0,False,True,True,,,
-1000,0,1728345401.86564,60,1728381298.56475,37.99,0.3656,37.78,0.3488,38.33,0.42,2,1728381358.29619,0,False,True,True,,,
-1000,0,1728345401.86564,60,1728381358.57541,38.2,0.3663,37.84,0.3507,38.33,0.42,2,1728381416.59023,0,False,True,True,,,
-1000,0,1728345401.86564,60,1728381418.59315,38.41,0.3542,38.05,0.3402,38.33,0.42,2,1728381477.32235,0,True,True,False,,,
-1000,0,1728345401.86564,60,1728381478.62085,38.13,0.3453,37.87,0.3288,38.33,0.42,2,1728381537.5531,0,False,True,True,,,
-1000,0,1728345401.86564,60,1728381538.64075,37.83,0.3565,37.73,0.3384,38.33,0.42,2,1728381598.03143,0,False,True,True,,,
-1000,0,1728345401.86564,60,1728381598.65987,37.92,0.3615,37.66,0.3439,38.33,0.42,2,1728381658.48088,0,False,True,True,,,
-1000,0,1728345401.86564,60,1728381658.68297,38.05,0.3626,37.79,0.347,38.33,0.42,2,1728381716.92598,0,False,True,True,,,
-1000,0,1728345401.86564,60,1728381718.72057,38.3,0.3624,37.95,0.3479,38.33,0.42,2,1728381777.40364,0,False,True,True,,,
-1000,0,1728345401.86564,60,1728381778.74223,38.37,0.3422,38.05,0.3276,38.33,0.42,2,1728381837.97685,0,True,True,False,,,
-1000,0,1728345401.86564,60,1728381838.76336,37.99,0.3488,37.81,0.3315,38.33,0.42,2,1728381898.49149,0,False,True,True,,,
-1000,0,1728345401.86564,60,1728381898.79614,37.89,0.3565,37.74,0.3388,38.33,0.42,2,1728381957.02951,0,False,True,True,,,
-1000,0,1728345401.86564,60,1728381958.83034,37.98,0.3592,37.74,0.3425,38.33,0.42,2,1728382017.54559,0,False,True,True,,,
-1000,0,1728345401.86564,60,1728382018.86789,38.26,0.3596,37.86,0.3445,38.33,0.42,2,1728382078.03014,0,False,True,True,,,
-1000,0,1728345401.86564,60,1728382078.90056,38.4,0.3448,38.05,0.3313,38.33,0.42,2,1728382136.92653,0,True,True,False,,,
-1000,0,1728345401.86564,60,1728382138.92947,38.02,0.3458,37.83,0.3286,38.33,0.42,2,1728382197.40335,0,False,True,True,,,
-1000,0,1728345401.86564,60,1728382198.94899,37.9,0.3546,37.69,0.3367,38.33,0.42,2,1728382257.86644,0,False,True,True,,,
-1000,0,1728345401.86564,60,1728382258.96075,37.93,0.3581,37.75,0.3411,38.33,0.42,2,1728382318.33078,0,False,True,True,,,
-1000,0,1728345401.86564,60,1728382318.9737,38.17,0.3586,37.83,0.3428,38.33,0.42,2,1728382378.92025,0,False,True,True,,,
-1000,0,1728345401.86564,60,1728382378.99332,38.41,0.3515,38.01,0.3379,38.33,0.42,2,1728382437.43567,0,True,True,False,,,
-1000,0,1728345401.86564,60,1728382439.02407,38.21,0.3369,37.96,0.3217,38.33,0.42,2,1728382498.08921,0,False,True,True,,,
-1000,0,1728345401.86564,60,1728382499.04822,37.86,0.349,37.71,0.3307,38.33,0.42,2,1728382558.49668,0,False,True,True,,,
-1000,0,1728345401.86564,60,1728382559.08057,37.86,0.354,37.63,0.3368,38.33,0.42,2,1728382618.75431,0,False,True,True,,,
-1000,0,1728345401.86564,60,1728382619.10011,38.03,0.3557,37.75,0.3398,38.33,0.42,2,1728382679.01075,0,False,True,True,,,
-1000,0,1728345401.86564,60,1728382679.11795,38.27,0.3556,37.88,0.3409,38.33,0.42,2,1728382737.30272,0,False,True,True,,,
-1000,0,1728345401.86564,60,1728382739.13563,38.4,0.3398,38.04,0.325,38.33,0.42,2,1728382797.67312,0,True,True,False,,,
-1000,0,1728345401.86564,60,1728382799.17743,37.94,0.4271,37.81,0.399,38.33,0.42,2,1728382857.9226,0,False,False,True,,,
-1000,0,1728345401.86564,60,1728382859.18503,37.57,0.4343,37.5,0.4091,38.33,0.42,2,1728382918.19015,0,False,False,True,,,
-1000,0,1728345401.86564,60,1728382919.21632,37.57,0.4279,37.43,0.4058,38.33,0.42,2,1728382978.47786,0,False,False,True,,,
-1000,0,1728345401.86564,60,1728382979.23165,37.84,0.42,37.55,0.4011,38.33,0.42,2,1728383038.84527,0,False,False,True,,,
-1000,0,1728345401.86564,60,1728383039.26047,38.07,0.4236,37.79,0.4062,38.33,0.42,2,1728383099.1535,0,False,False,True,,,
-1000,0,1728345401.86564,60,1728383099.29705,38.4,0.4215,37.92,0.4057,38.33,0.42,2,1728383157.67505,0,True,False,False,,,
-1000,0,1728345401.86564,60,1728383159.31371,38.18,0.4303,37.88,0.4105,38.33,0.42,2,1728383218.76821,0,False,False,True,,,
-1000,0,1728345401.86564,60,1728383219.35183,37.84,0.4343,37.66,0.4122,38.33,0.42,2,1728383279.14614,0,False,False,True,,,
-1000,0,1728345401.86564,60,1728383279.38899,37.83,0.4316,37.61,0.4111,38.33,0.42,2,1728383337.51789,0,False,False,True,,,
-1000,0,1728345401.86564,60,1728383339.40458,37.97,0.4257,37.73,0.4073,38.33,0.42,2,1728383397.93778,0,False,False,True,,,
-1000,0,1728345401.86564,60,1728383399.41724,38.26,0.4219,37.85,0.4038,38.33,0.42,2,1728383458.31945,0,False,False,True,,,
-1000,0,1728345401.86564,60,1728383459.43157,38.38,0.4166,38.01,0.3992,38.33,0.42,2,1728383518.88004,0,True,True,False,,,
-1000,0,1728345401.86564,60,1728383519.46198,37.97,0.4264,37.82,0.4056,38.33,0.42,2,1728383579.17006,0,False,False,True,,,
-1000,0,1728345401.86564,60,1728383579.4834,37.84,0.4288,37.66,0.4075,38.33,0.42,2,1728383639.42445,0,False,False,True,,,
-1000,0,1728345401.86564,60,1728383639.49754,37.94,0.4256,37.72,0.4062,38.33,0.42,2,1728383697.7239,0,False,False,True,,,
-1000,0,1728345401.86564,60,1728383699.53382,38.18,0.4206,37.84,0.4036,38.33,0.42,2,1728383757.99168,0,False,False,True,,,
-1000,0,1728345401.86564,60,1728383759.56081,38.37,0.4134,37.98,0.3977,38.33,0.42,2,1728383819.05484,0,True,True,False,,,
-1000,0,1728345401.86564,60,1728383819.56926,38.1,0.4297,37.89,0.4094,38.33,0.42,2,1728383877.63673,0,False,False,True,,,
-1000,0,1728345401.86564,60,1728383879.57982,37.87,0.4328,37.67,0.4116,38.33,0.42,2,1728383937.86566,0,False,False,True,,,
-1000,0,1728345401.86564,60,1728383939.60419,37.94,0.4305,37.76,0.4111,38.33,0.42,2,1728383998.06946,0,False,False,True,,,
-1000,0,1728345401.86564,60,1728383999.63983,38.18,0.4254,37.82,0.4078,38.33,0.42,2,1728384058.36853,0,False,False,True,,,
-1000,0,1728345401.86564,60,1728384059.66102,38.41,0.4142,38.01,0.3975,38.33,0.42,2,1728384119.267,0,True,True,False,,,
-1000,0,1728345401.86564,60,1728384119.67918,38.18,0.3885,37.93,0.3723,38.33,0.42,2,1728384179.61087,0,False,True,True,,,
-1000,0,1728345401.86564,60,1728384179.71787,37.86,0.3994,37.72,0.3796,38.33,0.42,2,1728384237.88668,0,False,True,True,,,
-1000,0,1728345401.86564,60,1728384239.72862,37.91,0.4033,37.71,0.3842,38.33,0.42,2,1728384298.1984,0,False,True,True,,,
-1000,0,1728345401.86564,60,1728384299.76615,38.04,0.4026,37.79,0.3854,38.33,0.42,2,1728384358.60031,0,False,True,True,,,
-1000,0,1728345401.86564,60,1728384359.79727,38.34,0.3998,37.94,0.3844,38.33,0.42,2,1728384418.9249,0,False,True,True,,,
-1000,0,1728345401.86564,60,1728384419.81527,38.3,0.368,38.03,0.354,38.33,0.42,2,1728384479.46008,0,True,True,False,,,
-1000,0,1728345401.86564,60,1728384479.84052,37.97,0.3759,37.79,0.3581,38.33,0.42,2,1728384539.78441,0,False,True,True,,,
-1000,0,1728345401.86564,60,1728384539.85738,37.92,0.3829,37.72,0.3649,38.33,0.42,2,1728384598.07652,0,False,True,True,,,
-1000,0,1728345401.86564,60,1728384599.88033,37.99,0.3849,37.78,0.368,38.33,0.42,2,1728384658.31724,0,False,True,True,,,
-1000,0,1728345401.86564,60,1728384659.8938,38.29,0.3842,37.93,0.3687,38.33,0.42,2,1728384718.56298,0,False,True,True,,,
-1000,0,1728345401.86564,60,1728384719.93436,38.39,0.362,38.03,0.3485,38.33,0.42,2,1728384778.97004,0,True,True,False,,,
-1000,0,1728345401.86564,60,1728384779.94867,37.99,0.3613,37.82,0.344,38.33,0.42,2,1728384839.23875,0,False,True,True,,,
-1000,0,1728345401.86564,60,1728384839.96049,37.79,0.3714,37.69,0.3526,38.33,0.42,2,1728384899.58273,0,False,True,True,,,
-1000,0,1728345401.86564,60,1728384899.99601,37.89,0.3753,37.61,0.3575,38.33,0.42,2,1728384959.90745,0,False,True,True,,,
-1000,0,1728345401.86564,60,1728384960.01425,38.08,0.3757,37.79,0.3597,38.33,0.42,2,1728385018.207,0,False,True,True,,,
-1000,0,1728345401.86564,60,1728385020.04603,38.35,0.3746,37.9,0.36,38.33,0.42,2,1728385079.22442,0,True,True,False,,,
-1000,0,1728345401.86564,60,1728385080.07151,38.25,0.4133,37.98,0.3927,38.33,0.42,2,1728385138.29401,0,False,True,True,,,
-1000,0,1728345401.86564,60,1728385140.0934,37.73,0.4395,37.66,0.4152,38.33,0.42,2,1728385198.62946,0,False,False,True,,,
-1000,0,1728345401.86564,60,1728385200.1309,37.6,0.4379,37.48,0.4145,38.33,0.42,2,1728385258.98767,0,False,False,True,,,
-1000,0,1728345401.86564,60,1728385260.14848,37.78,0.4313,37.58,0.4113,38.33,0.42,2,1728385319.29725,0,False,False,True,,,
-1000,0,1728345401.86564,60,1728385320.18059,38.02,0.424,37.75,0.4065,38.33,0.42,2,1728385379.66353,0,False,False,True,,,
-1000,0,1728345401.86564,60,1728385380.21393,38.35,0.4299,37.88,0.4124,38.33,0.42,2,1728385438.42924,0,False,False,True,,,
-1000,0,1728345401.86564,60,1728385440.23633,38.31,0.4149,37.97,0.3977,38.33,0.42,2,1728385498.74645,0,False,True,True,,,
-1000,0,1728345401.86564,60,1728385500.24793,37.89,0.4188,37.78,0.3981,38.33,0.42,2,1728385559.00139,0,False,True,True,,,
-1000,0,1728345401.86564,60,1728385560.25842,37.76,0.4214,37.62,0.4011,38.33,0.42,2,1728385619.26575,0,False,False,True,,,
-1000,0,1728345401.86564,60,1728385620.28406,37.96,0.4189,37.7,0.4004,38.33,0.42,2,1728385679.67413,0,False,True,True,,,
-1000,0,1728345401.86564,60,1728385680.32022,38.22,0.4146,37.83,0.398,38.33,0.42,2,1728385740.04166,0,False,True,True,,,
-1000,0,1728345401.86564,60,1728385740.35321,38.41,0.3931,38.02,0.3791,38.33,0.42,2,1728385798.43519,0,True,True,False,,,
-1000,0,1728345401.86564,60,1728385800.37944,38.15,0.3734,37.87,0.3572,38.33,0.42,2,1728385858.76069,0,False,True,True,,,
-1000,0,1728345401.86564,60,1728385860.39983,37.84,0.3857,37.69,0.3667,38.33,0.42,2,1728385919.05896,0,False,True,True,,,
-1000,0,1728345401.86564,60,1728385920.42386,37.86,0.3905,37.63,0.3717,38.33,0.42,2,1728385979.37939,0,False,True,True,,,
-1000,0,1728345401.86564,60,1728385980.43732,38.01,0.3903,37.75,0.3737,38.33,0.42,2,1728386039.66597,0,False,True,True,,,
-1000,0,1728345401.86564,60,1728386040.47229,38.3,0.3888,37.89,0.3736,38.33,0.42,2,1728386099.89404,0,False,True,True,,,
-1000,0,1728345401.86564,60,1728386100.49617,38.41,0.3641,38,0.3515,38.33,0.42,2,1728386160.33429,0,True,True,False,,,
-1000,0,1728345401.86564,60,1728386160.51187,37.98,0.3653,37.81,0.348,38.33,0.42,2,1728386218.56893,0,False,True,True,,,
-1000,0,1728345401.86564,60,1728386220.5381,37.86,0.3746,37.65,0.3564,38.33,0.42,2,1728386278.90445,0,False,True,True,,,
-1000,0,1728345401.86564,60,1728386280.5742,37.93,0.378,37.66,0.3603,38.33,0.42,2,1728386339.23242,0,False,True,True,,,
-1000,0,1728345401.86564,60,1728386340.59665,38.18,0.3778,37.81,0.362,38.33,0.42,2,1728386399.61587,0,False,True,True,,,
-1000,0,1728345401.86564,60,1728386400.63317,38.38,0.37,37.97,0.3561,38.33,0.42,2,1728386460.48933,0,True,True,False,,,
-1000,0,1728345401.86564,60,1728386460.66384,38.22,0.3523,37.96,0.3377,38.33,0.42,2,1728386519.04155,0,False,True,True,,,
-1000,0,1728345401.86564,60,1728386520.69577,37.88,0.3641,37.76,0.3463,38.33,0.42,2,1728386579.37139,0,False,True,True,,,
-1000,0,1728345401.86564,60,1728386580.71219,37.9,0.3697,37.67,0.3519,38.33,0.42,2,1728386639.69833,0,False,True,True,,,
-1000,0,1728345401.86564,60,1728386640.73982,38.04,0.3705,37.79,0.3547,38.33,0.42,2,1728386699.98978,0,False,True,True,,,
-1000,0,1728345401.86564,60,1728386700.75509,38.33,0.3698,37.91,0.3556,38.33,0.42,2,1728386760.39077,0,False,True,True,,,
-1000,0,1728345401.86564,60,1728386760.79013,38.39,0.3492,38.02,0.3352,38.33,0.42,2,1728386820.75405,0,True,True,False,,,
-1000,0,1728345401.86564,60,1728386820.82972,37.92,0.3559,37.79,0.3384,38.33,0.42,2,1728386879.58676,0,False,True,True,,,
-1000,0,1728345401.86564,60,1728386880.84439,37.81,0.3636,37.65,0.3458,38.33,0.42,2,1728386939.84138,0,False,True,True,,,
-1000,0,1728345401.86564,60,1728386940.85987,37.93,0.3663,37.69,0.3497,38.33,0.42,2,1728387000.14333,0,False,True,True,,,
-1000,0,1728345401.86564,60,1728387000.88883,38.17,0.366,37.82,0.351,38.33,0.42,2,1728387060.49905,0,False,True,True,,,
-1000,0,1728345401.86564,60,1728387060.91419,38.39,0.357,38.04,0.3438,38.33,0.42,2,1728387120.77778,0,True,True,False,,,
-1000,0,1728345401.86564,60,1728387120.95555,38.14,0.3973,37.9,0.3755,38.33,0.42,2,1728387179.12824,0,False,True,True,,,
-1000,0,1728345401.86564,60,1728387180.99414,37.63,0.438,37.56,0.4124,38.33,0.42,2,1728387239.41312,0,False,False,True,,,
-1000,0,1728345401.86564,60,1728387241.01857,37.59,0.434,37.43,0.4112,38.33,0.42,2,1728387299.6817,0,False,False,True,,,
-1000,0,1728345401.86564,60,1728387301.05599,37.76,0.4265,37.51,0.4068,38.33,0.42,2,1728387359.97443,0,False,False,True,,,
-1000,0,1728345401.86564,60,1728387361.08454,38,0.4196,37.72,0.4022,38.33,0.42,2,1728387420.28061,0,False,True,True,,,
-1000,0,1728345401.86564,60,1728387421.10274,38.32,0.4225,37.89,0.4064,38.33,0.42,2,1728387480.56192,0,True,False,False,,,
-1000,0,1728345401.86564,60,1728387481.1109,38.31,0.4143,37.96,0.3963,38.33,0.42,2,1728387539.39852,0,False,True,True,,,
-1000,0,1728345401.86564,60,1728387541.13771,37.8,0.4403,37.73,0.4176,38.33,0.42,2,1728387599.73695,0,False,False,True,,,
-1000,0,1728345401.86564,60,1728387601.15696,37.65,0.4403,37.57,0.4179,38.33,0.42,2,1728387660.07495,0,False,False,True,,,
-1000,0,1728345401.86564,60,1728387661.16787,37.84,0.4348,37.57,0.4152,38.33,0.42,2,1728387720.4642,0,False,False,True,,,
-1000,0,1728345401.86564,60,1728387721.1762,38.05,0.428,37.76,0.411,38.33,0.42,2,1728387780.88647,0,False,False,True,,,
-1000,0,1728345401.86564,60,1728387781.21888,38.36,0.4199,37.93,0.4044,38.33,0.42,2,1728387841.1849,0,True,True,False,,,
-1000,0,1728345401.86564,60,1728387841.25769,38.24,0.4253,37.93,0.4059,38.33,0.42,2,1728387899.64752,0,False,False,True,,,
-1000,0,1728345401.86564,60,1728387901.28359,37.77,0.44,37.67,0.4171,38.33,0.42,2,1728387959.90401,0,False,False,True,,,
-1000,0,1728345401.86564,60,1728387961.31473,37.66,0.4398,37.53,0.4176,38.33,0.42,2,1728388020.26318,0,False,False,True,,,
-1000,0,1728345401.86564,60,1728388021.35646,37.84,0.4347,37.61,0.4154,38.33,0.42,2,1728388080.54115,0,False,False,True,,,
-1000,0,1728345401.86564,60,1728388081.38176,38.09,0.4284,37.79,0.4116,38.33,0.42,2,1728388140.82487,0,False,False,True,,,
-1000,0,1728345401.86564,60,1728388141.40973,38.4,0.4147,37.97,0.3999,38.33,0.42,2,1728388201.16885,0,True,True,False,,,
-1000,0,1728345401.86564,60,1728388201.44572,38.18,0.4339,37.91,0.4128,38.33,0.42,2,1728388259.48959,0,False,False,True,,,
-1000,0,1728345401.86564,60,1728388261.47718,37.77,0.4427,37.64,0.42,38.33,0.42,2,1728388319.8453,0,False,False,True,,,
-1000,0,1728345401.86564,60,1728388321.49368,37.71,0.4417,37.53,0.4203,38.33,0.42,2,1728388380.22215,0,False,False,True,,,
-1000,0,1728345401.86564,60,1728388381.52137,37.92,0.4368,37.62,0.4173,38.33,0.42,2,1728388440.45583,0,False,False,True,,,
-1000,0,1728345401.86564,60,1728388441.54988,38.13,0.4303,37.78,0.4136,38.33,0.42,2,1728388500.80055,0,False,False,True,,,
-1000,0,1728345401.86564,60,1728388501.58532,38.43,0.4126,37.99,0.397,38.33,0.42,2,1728388561.26821,0,True,True,False,,,
-1000,0,1728345401.86564,60,1728388561.61298,38.13,0.3977,37.86,0.3809,38.33,0.42,2,1728388619.61052,0,False,True,True,,,
-1000,0,1728345401.86564,60,1728388621.62393,37.84,0.4081,37.72,0.3884,38.33,0.42,2,1728388679.93395,0,False,True,True,,,
-1000,0,1728345401.86564,60,1728388681.65962,37.88,0.4109,37.68,0.3921,38.33,0.42,2,1728388740.17283,0,False,True,True,,,
-1000,0,1728345401.86564,60,1728388741.67336,38.05,0.4102,37.79,0.3933,38.33,0.42,2,1728388800.49969,0,False,True,True,,,
-1000,0,1728345401.86564,60,1728388801.69069,38.36,0.4071,37.96,0.3919,38.33,0.42,2,1728388860.92833,0,True,True,False,,,
-1000,0,1728345401.86564,60,1728388861.71659,38.37,0.3731,38.03,0.3591,38.33,0.42,2,1728388921.22273,0,True,True,False,,,
-1000,0,1728345401.86564,60,1728388921.74092,37.96,0.3798,37.79,0.3618,38.33,0.42,2,1728388981.493,0,False,True,True,,,
-1000,0,1728345401.86564,60,1728388981.77161,37.87,0.388,37.69,0.3694,38.33,0.42,2,1728389039.81465,0,False,True,True,,,
-1000,0,1728345401.86564,60,1728389041.78445,37.97,0.39,37.7,0.3727,38.33,0.42,2,1728389100.15084,0,False,True,True,,,
-1000,0,1728345401.86564,60,1728389101.82324,38.21,0.3893,37.84,0.3737,38.33,0.42,2,1728389160.42943,0,False,True,True,,,
-1000,0,1728345401.86564,60,1728389161.86359,38.4,0.3712,38.06,0.3582,38.33,0.42,2,1728389221.2218,0,True,True,False,,,
-1000,0,1728345401.86564,60,1728389221.8731,38.04,0.3592,37.85,0.3432,38.33,0.42,2,1728389279.99327,0,False,True,True,,,
-1000,0,1728345401.86564,60,1728389281.89565,37.75,0.3703,37.59,0.3515,38.33,0.42,2,1728389340.32272,0,False,True,True,,,
-1000,0,1728345401.86564,60,1728389341.92624,37.75,0.3739,37.55,0.3565,38.33,0.42,2,1728389400.54961,0,False,True,True,,,
-1000,0,1728345401.86564,60,1728389401.95192,37.91,0.3742,37.63,0.3579,38.33,0.42,2,1728389460.81701,0,False,True,True,,,
-1000,0,1728345401.86564,60,1728389461.97797,38.1,0.3727,37.79,0.3575,38.33,0.42,2,1728389521.04138,0,False,True,True,,,
-1000,0,1728345401.86564,60,1728389522.0014,38.38,0.3697,37.92,0.3564,38.33,0.42,2,1728389581.74574,0,True,True,False,,,
-1000,0,1728345401.86564,60,1728389582.02242,38.22,0.349,37.89,0.3347,38.33,0.42,2,1728389640.0363,0,False,True,True,,,
-1000,0,1728345401.86564,60,1728389642.03701,37.9,0.3599,37.74,0.3426,38.33,0.42,2,1728389700.28148,0,False,True,True,,,
-1000,0,1728345401.86564,60,1728389702.06,37.88,0.3648,37.68,0.3475,38.33,0.42,2,1728389760.61008,0,False,True,True,,,
-1000,0,1728345401.86564,60,1728389762.0802,37.98,0.3655,37.72,0.3496,38.33,0.42,2,1728389820.95711,0,False,True,True,,,
-1000,0,1728345401.86564,60,1728389822.10358,38.19,0.3645,37.82,0.3498,38.33,0.42,2,1728389881.28109,0,False,True,True,,,
-1000,0,1728345401.86564,60,1728389882.13888,38.37,0.354,37.99,0.3406,38.33,0.42,2,1728389941.72421,0,True,True,False,,,
-1000,0,1728345401.86564,60,1728389942.17323,38.1,0.3492,37.84,0.3331,38.33,0.42,2,1728390002.0116,0,False,True,True,,,
-1000,0,1728345401.86564,60,1728390002.1878,37.92,0.3577,37.74,0.3403,38.33,0.42,2,1728390060.28151,0,False,True,True,,,
-1000,0,1728345401.86564,60,1728390062.22618,37.93,0.3608,37.69,0.3435,38.33,0.42,2,1728390120.6504,0,False,True,True,,,
-1000,0,1728345401.86564,60,1728390122.2453,38.02,0.3603,37.78,0.345,38.33,0.42,2,1728390181.00699,0,False,True,True,,,
-1000,0,1728345401.86564,60,1728390182.2738,38.28,0.3595,37.94,0.345,38.33,0.42,2,1728390241.38608,0,False,True,True,,,
-1000,0,1728345401.86564,60,1728390242.30909,38.39,0.3624,38.03,0.346,38.33,0.42,2,1728390301.77085,0,True,True,False,,,
-1000,0,1728345401.86564,60,1728390302.3201,37.88,0.4354,37.77,0.41,38.33,0.42,2,1728390362.19669,0,False,False,True,,,
-1000,0,1728345401.86564,60,1728390362.33895,37.54,0.4305,37.48,0.4062,38.33,0.42,2,1728390420.54996,0,False,False,True,,,
-1000,0,1728345401.86564,60,1728390422.35606,37.59,0.4216,37.42,0.4006,38.33,0.42,2,1728390480.89787,0,False,False,True,,,
-1000,0,1728345401.86564,60,1728390482.3665,37.77,0.4238,37.48,0.4045,38.33,0.42,2,1728390541.36943,0,False,False,True,,,
-1000,0,1728345401.86564,60,1728390542.39429,37.97,0.4256,37.66,0.4074,38.33,0.42,2,1728390601.69201,0,False,False,True,,,
-1000,0,1728345401.86564,60,1728390602.41363,38.19,0.4199,37.81,0.4033,38.33,0.42,2,1728390661.98709,0,False,True,True,,,
-1000,0,1728345401.86564,60,1728390662.43349,38.37,0.3999,37.98,0.3857,38.33,0.42,2,1728390720.47726,0,True,True,False,,,
-1000,0,1728345401.86564,60,1728390722.45367,38.15,0.3742,37.89,0.3589,38.33,0.42,2,1728390781.08802,0,False,True,True,,,
-1000,0,1728345401.86564,60,1728390782.48801,37.9,0.3823,37.7,0.3637,38.33,0.42,2,1728390841.54458,0,False,True,True,,,
-1000,0,1728345401.86564,60,1728390842.50121,37.86,0.3835,37.66,0.3658,38.33,0.42,2,1728390901.96614,0,False,True,True,,,
-1000,0,1728345401.86564,60,1728390902.51597,37.99,0.3814,37.76,0.3654,38.33,0.42,2,1728390962.2719,0,False,True,True,,,
-1000,0,1728345401.86564,60,1728390962.54905,38.22,0.3787,37.83,0.3635,38.33,0.42,2,1728391020.56624,0,False,True,True,,,
-1000,0,1728345401.86564,60,1728391022.58026,38.42,0.3657,38.04,0.3523,38.33,0.42,2,1728391080.88276,0,True,True,False,,,
-1000,0,1728345401.86564,60,1728391082.62309,38.09,0.3552,37.86,0.3401,38.33,0.42,2,1728391141.32054,0,False,True,True,,,
-1000,0,1728345401.86564,60,1728391142.65338,37.84,0.3644,37.77,0.347,38.33,0.42,2,1728391201.62475,0,False,True,True,,,
-1000,0,1728345401.86564,60,1728391202.68505,37.81,0.368,37.64,0.3507,38.33,0.42,2,1728391261.92269,0,False,True,True,,,
-1000,0,1728345401.86564,60,1728391262.70998,37.97,0.3676,37.72,0.3518,38.33,0.42,2,1728391322.24032,0,False,True,True,,,
-1000,0,1728345401.86564,60,1728391322.72203,38.21,0.3663,37.85,0.3516,38.33,0.42,2,1728391382.57673,0,False,True,True,,,
-1000,0,1728345401.86564,60,1728391382.75118,38.4,0.3585,38,0.345,38.33,0.42,2,1728391441.19914,0,True,True,False,,,
-1000,0,1728345401.86564,60,1728391442.77644,38.16,0.3492,37.88,0.3336,38.33,0.42,2,1728391501.74711,0,False,True,True,,,
-1000,0,1728345401.86564,60,1728391502.80479,37.89,0.3583,37.7,0.3407,38.33,0.42,2,1728391561.97924,0,False,True,True,,,
-1000,0,1728345401.86564,60,1728391562.83573,37.89,0.3616,37.6,0.3445,38.33,0.42,2,1728391622.28529,0,False,True,True,,,
-1000,0,1728345401.86564,60,1728391622.87106,38,0.3618,37.78,0.3461,38.33,0.42,2,1728391682.61332,0,False,True,True,,,
-1000,0,1728345401.86564,60,1728391682.89027,38.27,0.3608,37.86,0.3462,38.33,0.42,2,1728391740.91702,0,False,True,True,,,
-1000,0,1728345401.86564,60,1728391742.92888,38.32,0.4197,37.98,0.3985,38.33,0.42,2,1728391801.97952,0,True,True,False,,,
-1000,0,1728345401.86564,60,1728391802.96473,37.97,0.4201,37.79,0.3993,38.33,0.42,2,1728391862.56978,0,False,False,True,,,
-1000,0,1728345401.86564,60,1728391862.98196,37.92,0.4238,37.71,0.4029,38.33,0.42,2,1728391921.35701,0,False,False,True,,,
-1000,0,1728345401.86564,60,1728391922.99515,37.97,0.428,37.76,0.408,38.33,0.42,2,1728391981.98215,0,False,False,True,,,
-1000,0,1728345401.86564,60,1728391983.00861,38.13,0.422,37.82,0.4024,38.33,0.42,2,1728392042.55232,0,False,False,True,,,
-1000,0,1728345401.86564,60,1728392043.03437,38.32,0.4188,37.94,0.4019,38.33,0.42,2,1728392101.1144,0,False,True,True,,,
-1000,0,1728345401.86564,60,1728392103.05668,38.25,0.3959,38.01,0.3805,38.33,0.42,2,1728392162.22583,0,False,True,True,,,
-1000,0,1728345401.86564,60,1728392163.08354,37.97,0.3998,37.8,0.3808,38.33,0.42,2,1728392222.58898,0,False,True,True,,,
-1000,0,1728345401.86564,60,1728392223.10669,37.95,0.4002,37.77,0.3815,38.33,0.42,2,1728392282.87528,0,False,True,True,,,
-1000,0,1728345401.86564,60,1728392283.11853,38.05,0.3968,37.82,0.3796,38.33,0.42,2,1728392341.16618,0,False,True,True,,,
-1000,0,1728345401.86564,60,1728392343.14209,38.23,0.3923,37.96,0.3769,38.33,0.42,2,1728392401.50376,0,False,True,True,,,
-1000,0,1728345401.86564,60,1728392403.17252,38.32,0.3659,38,0.352,38.33,0.42,2,1728392462.12372,0,True,True,False,,,
-1000,0,1728345401.86564,60,1728392463.18183,37.95,0.3716,37.8,0.3546,38.33,0.42,2,1728392522.7131,0,False,True,True,,,
-1000,0,1728345401.86564,60,1728392523.19634,37.94,0.3765,37.77,0.3587,38.33,0.42,2,1728392583.06946,0,False,True,True,,,
-1000,0,1728345401.86564,60,1728392583.21164,37.99,0.3765,37.76,0.3602,38.33,0.42,2,1728392641.40258,0,False,True,True,,,
-1000,0,1728345401.86564,60,1728392643.23839,38.2,0.3748,37.85,0.3597,38.33,0.42,2,1728392701.72089,0,False,True,True,,,
-1000,0,1728345401.86564,60,1728392703.24826,38.37,0.3634,38.03,0.3501,38.33,0.42,2,1728392762.04902,0,True,True,False,,,
-1000,0,1728345401.86564,60,1728392763.26906,38.09,0.3566,37.88,0.3406,38.33,0.42,2,1728392822.37235,0,False,True,True,,,
-1000,0,1728345401.86564,60,1728392823.29779,37.88,0.3651,37.73,0.3474,38.33,0.42,2,1728392882.69079,0,False,True,True,,,
-1000,0,1728345401.86564,60,1728392883.30796,37.92,0.3677,37.69,0.3506,38.33,0.42,2,1728392943.04318,0,False,True,True,,,
-1000,0,1728345401.86564,60,1728392943.34891,38.04,0.3675,37.78,0.3516,38.33,0.42,2,1728393001.41511,0,False,True,True,,,
-1000,0,1728395764.22412,60,0,40.97,0.4266,40.56,0.4112,38.33,0.42,2,1728395765.19786,0,True,False,0,,,
-1000,0,1728395817.62243,60,0,39.98,0.3121,40.41,0.3124,38.33,0.42,2,1728395818.60274,0,True,True,0,,,
-1000,0,1728395869.9946,60,0,36.13,0.3574,38.09,0.3081,38.33,0.42,2,1728395870.84018,0,False,True,0.1,,,
-1000,0,1728395912.57341,60,0,33.31,0.4074,35.54,0.3438,38.33,0.42,2,1728395913.46762,0,False,True,0.3,,,
-1000,0,1728395912.57341,60,1728395913.50988,30.36,0.4755,32.64,0.3996,38.33,0.42,2,1728395971.96511,0,False,False,0.3,,,
-1000,0,1728395977.57233,60,0,30.17,0.4784,32.35,0.4035,38.33,0.42,2,1728395978.62986,0,False,False,0.2,,,
-1000,0,1728396001.36341,60,0,29.28,0.5004,31.4,0.4237,38.33,0.42,2,1728396002.38501,0,False,False,1,,,
-1000,0,1728396070.49944,60,0,27.83,0.5454,29.31,0.4731,38.33,0.42,2,1728396071.51296,0,False,False,1,,,
-1000,0,1728396070.49944,60,1728396071.5534,28.14,0.5504,28.83,0.5023,38.33,0.42,2,1728396130.0913,0,False,False,1,,,
-1000,0,1728396070.49944,60,1728396131.57636,28.96,0.5359,29.21,0.5014,38.33,0.42,2,1728396190.57518,0,False,False,1,,,
-1000,0,1728396070.49944,60,1728396191.5986,29.86,0.5162,29.83,0.4893,38.33,0.42,2,1728396251.10365,0,False,False,1,,,
-1000,0,1728396070.49944,60,1728396251.61216,30.64,0.4977,30.54,0.4747,38.33,0.42,2,1728396309.62308,0,False,False,1,,,
-1000,0,1728396070.49944,60,1728396311.62318,31.32,0.4823,31.17,0.461,38.33,0.42,2,1728396370.10042,0,False,False,1,,,
-1000,0,1728396070.49944,60,1728396371.66491,31.81,0.4692,31.68,0.4484,38.33,0.42,2,1728396430.64564,0,False,False,1,,,
-1000,0,1728426424.46365,60,0,22.82,0.7546,22.69,0.7242,38.33,0.45,0.4,2,1728426425.36097,0,False,False,1,,
-1000,0,1728426461.94691,60,0,22.83,0.7602,22.81,0.7242,38.33,0.45,0.4,2,1728426463.02805,0,False,False,1,,
-1000,0,1728426461.94691,60,1728426463.07043,22.91,0.7535,22.98,0.7203,38.33,0.45,0.4,2,1728426523.0572,0,False,False,1,,
-1000,0,1728426525.89277,60,0,22.93,0.7523,22.97,0.7202,38.33,0.45,0.4,2,1728426526.86052,0,False,False,1,,
-1000,0,1728426584.19118,60,0,22.94,0.7489,23.1,0.7159,38.33,0.45,0.4,2,1728426585.19647,0,False,False,1,,
-1000,0,1728426584.19118,60,1728426617.24567,23.08,0.7453,23.25,0.709,38.33,0.45,0.4,2,1728426649.31322,0,False,False,1,,
-1000,0,1728426700.76802,60,0,23.22,0.7432,23.35,0.7051,38.33,0.45,0.4,2,1728426701.72521,0,False,False,1,,
-1000,0,1728426719.12382,60,0,23.2,0.745,23.31,0.704,38.33,0.45,0.4,2,1728426720.09149,0,False,False,1,,
-1000,0,1728426747.30242,60,0,23.19,0.7454,23.35,0.704,38.33,0.45,0.4,2,1728426748.19617,0,False,False,1,,
-1000,0,1728426747.30242,60,1728426751.45573,23.31,0.7415,23.47,0.7012,38.33,0.45,0.4,2,1728426809.81876,0,False,False,1,,
-1000,0,1728426747.30242,60,1728426813.06698,23.35,0.7362,23.51,0.6997,38.33,0.45,0.4,2,1728426871.42997,0,False,False,1,,
-1000,0,1728426747.30242,60,1728426874.67384,23.43,0.7371,23.65,0.6965,38.33,0.45,0.4,2,1728426933.02671,0,False,False,1,,
-1000,0,1728426747.30242,60,1728426936.27563,23.53,0.7364,23.78,0.7009,38.33,0.45,0.4,2,1728426994.63698,0,False,False,1,,
-1000,0,1728426747.30242,60,1728426997.88763,23.69,0.7263,23.95,0.6922,38.33,0.45,0.4,2,1728427056.24932,0,False,False,1,,
-1000,0,1728426747.30242,60,1728427059.49779,23.69,0.7287,24.01,0.6828,38.33,0.45,0.4,2,1728427117.86871,0,False,False,1,,
-1000,0,1728426747.30242,60,1728427121.11909,23.6,0.7237,24.01,0.6825,38.33,0.45,0.4,2,1728427179.48971,0,False,False,1,,
-1000,0,1728426747.30242,60,1728427182.73808,23.68,0.7182,24.06,0.677,38.33,0.45,0.4,2,1728427241.09811,0,False,False,1,,
-1000,0,1728426747.30242,60,1728427244.34508,23.77,0.7144,24.16,0.6722,38.33,0.45,0.4,2,1728427302.71331,0,False,False,1,,
-1000,0,1728426747.30242,60,1728427305.96381,23.76,0.714,24.19,0.6707,38.33,0.45,0.4,2,1728427364.34366,0,False,False,1,,
-1000,0,1728426747.30242,60,1728427367.58967,23.76,0.7119,24.25,0.6701,38.33,0.45,0.4,2,1728427425.97654,0,False,False,1,,
-1000,0,1728426747.30242,60,1728427429.22561,23.84,0.7118,24.26,0.6663,38.33,0.45,0.4,2,1728427487.58482,0,False,False,1,,
-1000,0,1728426747.30242,60,1728427490.82988,23.81,0.7093,24.28,0.6637,38.33,0.45,0.4,2,1728427549.19903,0,False,False,1,,
-1000,0,1728426747.30242,60,1728427552.44537,23.85,0.7126,24.37,0.6622,38.33,0.45,0.4,2,1728427610.80316,0,False,False,1,,
-1000,0,1728426747.30242,60,1728427614.05225,23.88,0.7113,24.38,0.6606,38.33,0.45,0.4,2,1728427672.42216,0,False,False,1,,
-1000,0,1728426747.30242,60,1728427675.67394,23.91,0.7087,24.34,0.6625,38.33,0.45,0.4,2,1728427734.03507,0,False,False,1,,
-1000,0,1728426747.30242,60,1728427737.28077,23.93,0.7101,24.37,0.6674,38.33,0.45,0.4,2,1728427795.66003,0,False,False,1,,
-1000,0,1728426747.30242,60,1728427798.91242,24,0.7104,24.5,0.6585,38.33,0.45,0.4,2,1728427857.28176,0,False,False,1,,
-1000,0,1728426747.30242,60,1728427860.53593,24.24,0.7092,24.71,0.6581,38.33,0.45,0.4,2,1728427918.86861,0,False,False,1,,
-1000,0,1728426747.30242,60,1728427922.11618,25.09,0.6939,25.22,0.654,38.33,0.45,0.4,2,1728427980.47971,0,False,False,1,,
-1000,0,1728426747.30242,60,1728427983.73272,26.13,0.6688,25.8,0.6429,38.33,0.45,0.4,2,1728428042.07479,0,False,False,1,,
-1000,0,1728426747.30242,60,1728428045.32368,27.07,0.6468,26.5,0.6303,38.33,0.45,0.4,2,1728428103.67073,0,False,False,1,,
-1000,0,1728426747.30242,60,1728428106.91496,27.81,0.6306,27.17,0.6188,38.33,0.45,0.4,2,1728428165.26562,0,False,False,1,,
-1000,0,1728426747.30242,60,1728428168.51691,28.47,0.6187,27.75,0.609,38.33,0.45,0.4,2,1728428226.89256,0,False,False,1,,
-1000,0,1728426747.30242,60,1728428230.13995,29.04,0.6096,28.3,0.6001,38.33,0.45,0.4,2,1728428288.49541,0,False,False,1,,
-1000,0,1728426747.30242,60,1728428291.74364,29.57,0.6016,28.8,0.5921,38.33,0.45,0.4,2,1728428350.10368,0,False,False,1,,
-1000,0,1728426747.30242,60,1728428353.36322,29.99,0.5952,29.32,0.5856,38.33,0.45,0.4,2,1728428411.71425,0,False,False,1,,
-1000,0,1728426747.30242,60,1728428414.96113,30.45,0.5903,29.76,0.5801,38.33,0.45,0.4,2,1728428473.34755,0,False,False,1,,
-1000,0,1728426747.30242,60,1728428476.59722,30.85,0.5859,30.14,0.575,38.33,0.45,0.4,2,1728428534.95906,0,False,False,1,,
-1000,0,1728426747.30242,60,1728428538.21061,31.2,0.5824,30.56,0.5704,38.33,0.45,0.4,2,1728428596.5757,0,False,False,1,,
-1000,0,1728426747.30242,60,1728428599.82397,31.53,0.5791,30.88,0.5668,38.33,0.45,0.4,2,1728428658.18268,0,False,False,1,,
-1000,0,1728426747.30242,60,1728428661.43587,31.87,0.5757,31.27,0.563,38.33,0.45,0.4,2,1728428719.79898,0,False,False,1,,
-1000,0,1728426747.30242,60,1728428723.04796,32.21,0.573,31.59,0.5598,38.33,0.45,0.4,2,1728428781.41931,0,False,False,1,,
-1000,0,1728426747.30242,60,1728428784.66973,32.51,0.5695,31.96,0.5568,38.33,0.45,0.4,2,1728428843.05465,0,False,False,1,,
-1000,0,1728426747.30242,60,1728428846.30546,32.9,0.5673,32.26,0.5538,38.33,0.45,0.4,2,1728428904.67799,0,False,False,1,,
-1000,0,1728426747.30242,60,1728428907.92407,33.18,0.5651,32.56,0.5508,38.33,0.45,0.4,2,1728428966.29443,0,False,False,1,,
-1000,0,1728426747.30242,60,1728428969.5388,33.44,0.5628,32.85,0.5487,38.33,0.45,0.4,2,1728429027.90378,0,False,False,1,,
-1000,0,1728426747.30242,60,1728429031.1517,33.69,0.5607,33.15,0.5463,38.33,0.45,0.4,2,1728429089.5149,0,False,False,1,,
-1000,0,1728426747.30242,60,1728429092.76186,33.92,0.5591,33.4,0.5444,38.33,0.45,0.4,2,1728429151.09779,0,False,False,1,,
-1000,0,1728426747.30242,60,1728429154.34643,34.2,0.5571,33.67,0.5419,38.33,0.45,0.4,2,1728429212.70268,0,False,False,1,,
-1000,0,1728426747.30242,60,1728429215.96304,34.44,0.5552,33.9,0.5398,38.33,0.45,0.4,2,1728429274.32782,0,False,False,1,,
-1000,0,1728426747.30242,60,1728429277.57726,34.68,0.5532,34.18,0.538,38.33,0.45,0.4,2,1728429335.94852,0,False,False,1,,
-1000,0,1728426747.30242,60,1728429339.19757,34.93,0.5512,34.38,0.536,38.33,0.45,0.4,2,1728429397.56432,0,False,False,1,,
-1000,0,1728426747.30242,60,1728429400.81146,35.12,0.5494,34.58,0.5339,38.33,0.45,0.4,2,1728429459.16354,0,False,False,1,,
-1000,0,1728426747.30242,60,1728429462.41453,35.38,0.5475,34.82,0.5321,38.33,0.45,0.4,2,1728429520.77964,0,False,False,1,,
-1000,0,1728426747.30242,60,1728429524.02927,35.54,0.5456,35.03,0.53,38.33,0.45,0.4,2,1728429582.39245,0,False,False,1,,
-1000,0,1728426747.30242,60,1728429585.63742,35.72,0.5441,35.25,0.5278,38.33,0.45,0.4,2,1728429644.02263,0,False,False,1,,
-1000,0,1728426747.30242,60,1728429647.27216,35.92,0.5425,35.43,0.526,38.33,0.45,0.4,2,1728429705.65407,0,False,False,1,,
-1000,0,1728426747.30242,60,1728429708.9017,36.14,0.541,35.66,0.5245,38.33,0.45,0.4,2,1728429767.24998,0,False,False,1,,
-1000,0,1728426747.30242,60,1728429770.50523,36.33,0.5393,35.82,0.5229,38.33,0.45,0.4,2,1728429828.85213,0,False,False,1,,
-1000,0,1728426747.30242,60,1728429832.09735,36.49,0.5375,36.06,0.5211,38.33,0.45,0.4,2,1728429890.47441,0,False,False,1,,
-1000,0,1728426747.30242,60,1728429893.73479,36.71,0.536,36.26,0.5194,38.33,0.45,0.4,2,1728429952.07425,0,False,False,1,,
-1000,0,1728426747.30242,60,1728429955.32185,36.92,0.5345,36.38,0.5178,38.33,0.45,0.4,2,1728430013.66708,0,False,False,1,,
-1000,0,1728426747.30242,60,1728430016.91566,37.09,0.5325,36.62,0.5164,38.33,0.45,0.4,2,1728430075.27141,0,False,False,1,,
-1000,0,1728426747.30242,60,1728430078.5204,37.31,0.531,36.78,0.5146,38.33,0.45,0.4,2,1728430136.87056,0,False,False,1,,
-1000,0,1728426747.30242,60,1728430140.11779,37.47,0.5296,36.99,0.513,38.33,0.45,0.4,2,1728430198.5018,0,False,False,0.859999999999999,,
-1000,0,1728426747.30242,60,1728430201.74814,37.65,0.528,37.14,0.5114,38.33,0.45,0.4,2,1728430260.11625,0,False,False,0.68,,
-1000,0,1728426747.30242,60,1728430263.36282,37.73,0.5271,37.29,0.5103,38.33,0.45,0.4,2,1728430321.71223,0,False,False,0.600000000000001,,
-1000,0,1728426747.30242,60,1728430324.96358,37.78,0.5279,37.34,0.5101,38.33,0.45,0.4,2,1728430383.32383,0,False,False,0.549999999999997,,
-1000,0,1728426747.30242,60,1728430386.57454,37.74,0.5298,37.33,0.5108,38.33,0.45,0.4,2,1728430444.95256,0,False,False,0.589999999999996,,
-1000,0,1728426747.30242,60,1728430448.20082,37.69,0.5324,37.33,0.5123,38.33,0.45,0.4,2,1728430506.56822,0,False,False,0.640000000000001,,
-1000,0,1728426747.30242,60,1728430509.81364,37.69,0.534,37.35,0.5133,38.33,0.45,0.4,2,1728430568.18587,0,False,False,0.640000000000001,,
-1000,0,1728426747.30242,60,1728430571.43448,37.7,0.5341,37.37,0.5134,38.33,0.45,0.4,2,1728430629.80257,0,False,False,0.629999999999995,,
-1000,0,1728426747.30242,60,1728430633.05195,37.76,0.5342,37.39,0.5132,38.33,0.45,0.4,2,1728430691.40844,0,False,False,0.57,,
-1000,0,1728426747.30242,60,1728430694.65724,37.75,0.5339,37.44,0.513,38.33,0.45,0.4,2,1728430753.04705,0,False,False,0.579999999999998,,
-1000,0,1728426747.30242,60,1728430756.29302,37.75,0.5357,37.43,0.514,38.33,0.45,0.4,2,1728430814.64928,0,False,False,0.579999999999998,,
-1000,0,1728426747.30242,60,1728430817.90635,37.72,0.5369,37.39,0.515,38.33,0.45,0.4,2,1728430876.24877,0,False,False,0.609999999999999,,
-1000,0,1728426747.30242,60,1728430879.49377,37.74,0.5368,37.44,0.5152,38.33,0.45,0.4,2,1728430937.83958,0,False,False,0.589999999999996,,
-1000,0,1728430989.20377,60,0,37.81,0.5363,37.48,0.5151,38.33,2,1,0.45,0.4,2,1728430990.09303,0,False,False,1
-1000,0,1728430989.20377,60,1728430993.3396,37.82,0.5365,37.52,0.5148,38.33,2,1,0.45,0.4,2,1728431051.64866,0,False,False,1
-1000,0,1728430989.20377,60,1728431054.89779,37.97,0.534,37.65,0.5136,38.33,2,1,0.45,0.4,2,1728431113.26893,0,False,False,0.719999999999999
-1000,0,1728430989.20377,60,1728431116.51395,38.13,0.531,37.79,0.5116,38.33,2,1,0.45,0.4,2,1728431174.85396,0,False,False,0.399999999999991
-1000,0,1728430989.20377,60,1728431178.1015,38.15,0.5302,37.8,0.5104,38.33,2,1,0.45,0.4,2,1728431236.44924,0,False,False,0.359999999999999
-1000,0,1728431279.51571,60,0,38.09,0.5317,37.81,0.5108,38.33,3,1,0.45,0.4,2,1728431280.36146,0,False,False,0.719999999999985
-1000,0,1728431279.51571,60,1728431283.61176,37.99,0.5346,37.76,0.5129,38.33,3,1,0.45,0.4,2,1728431341.96733,0,False,False,1
-1000,0,1728431279.51571,60,1728431345.21637,38.08,0.5331,37.8,0.5129,38.33,3,1,0.45,0.4,2,1728431403.58242,0,False,False,0.75
-1000,0,1728431279.51571,60,1728431406.83649,38.25,0.5301,37.88,0.5106,38.33,3,1,0.45,0.4,2,1728431465.1982,0,False,False,0.239999999999995
-1000,0,1728431279.51571,60,1728431468.44514,38.2,0.53,37.85,0.5098,38.33,3,1,0.45,0.4,2,1728431527.17299,0,False,False,0.389999999999986
-1000,0,1728431589.9138,60,0,38.05,0.5333,37.81,0.5116,38.33,5,1,0.45,0.4,2,1728431590.89017,0,False,False,1
-1000,0,1728431589.9138,60,1728431594.14689,38.04,0.5349,37.77,0.5125,38.33,5,1,0.45,0.4,2,1728431652.53031,0,False,False,1
-1000,0,1728431589.9138,60,1728431655.78059,38.21,0.5321,37.86,0.5114,38.33,5,1,0.45,0.4,2,1728431714.14714,0,False,False,0.599999999999987
-1000,0,1728432223.62995,60,0,35.72,0.5724,35.85,0.5403,38.33,5,1,0.45,0.4,2,1728432224.85309,0,False,False,1
-1000,0,1728432223.62995,60,1728432228.11389,35.55,0.5759,35.6,0.5442,38.33,5,1,0.45,0.4,2,1728432286.46842,0,False,False,1
-1000,0,1728432223.62995,60,1728432289.70968,35.7,0.5718,35.7,0.5437,38.33,5,1,0.45,0.4,2,1728432348.05281,0,False,False,1
-1000,0,1728432223.62995,60,1728432351.30074,36.05,0.563,35.82,0.5394,38.33,5,1,0.45,0.4,2,1728432409.65725,0,False,False,1
-1000,0,1728432223.62995,60,1728432412.90497,36.47,0.5537,36.05,0.5339,38.33,5,1,0.45,0.4,2,1728432471.2633,0,False,False,1
-1000,0,1728432223.62995,60,1728432474.51214,36.84,0.5453,36.35,0.5277,38.33,5,1,0.45,0.4,2,1728432532.87674,0,False,False,1
-1000,0,1728432223.62995,60,1728432536.12817,37.15,0.5377,36.66,0.5213,38.33,5,1,0.45,0.4,2,1728432594.47439,0,False,False,1
-1000,0,1728432223.62995,60,1728432597.72021,37.45,0.5315,36.9,0.5162,38.33,5,1,0.45,0.4,2,1728432656.05752,0,False,False,1
-1000,0,1728432223.62995,60,1728432659.30558,37.71,0.5261,37.21,0.5109,38.33,5,1,0.45,0.4,2,1728432717.66271,0,False,False,1
-1000,0,1728432223.62995,60,1728432720.91278,37.93,0.5211,37.43,0.5066,38.33,5,1,0.45,0.4,2,1728432779.27847,0,False,False,1
-1000,0,1728432223.62995,60,1728432782.52811,38.22,0.5172,37.69,0.5026,38.33,5,1,0.45,0.4,2,1728432840.88719,0,False,False,0.549999999999997
-1000,0,1728432223.62995,60,1728432844.13462,38.35,0.5134,37.83,0.4981,38.33,5,1,0.45,0.4,2,1728432903.99948,0,0.020000000000003,False,0
-1000,0,1728432223.62995,60,1728432907.64069,38.15,0.5166,37.79,0.4987,38.33,5,1,0.45,0.4,2,1728432965.11976,0,False,False,0.899999999999999
-1000,0,1728432223.62995,60,1728432968.36319,37.98,0.5213,37.73,0.501,38.33,5,1,0.45,0.4,2,1728433026.71852,0,False,False,1
-1000,0,1728432223.62995,60,1728433029.96711,38.08,0.5212,37.79,0.5008,38.33,5,1,0.45,0.4,2,1728433088.3388,0,False,False,1
-1000,0,1728432223.62995,60,1728433091.58658,38.28,0.5175,37.88,0.4985,38.33,5,1,0.45,0.4,2,1728433150.15246,0,False,False,0.249999999999986
-1000,0,1728432223.62995,60,1728433153.40214,38.28,0.515,37.9,0.4957,38.33,5,1,0.45,0.4,2,1728433213.28689,0,False,False,0.249999999999986
-1000,0,1728432223.62995,60,1728433216.53688,38.05,0.5195,37.81,0.4978,38.33,5,1,0.45,0.4,2,1728433274.24361,0,False,False,1
-1000,0,1728432223.62995,60,1728433277.48875,38.03,0.5222,37.81,0.4995,38.33,5,1,0.45,0.4,2,1728433335.83931,0,False,False,1
-1000,0,1728432223.62995,60,1728433339.09386,38.24,0.5192,37.93,0.4987,38.33,5,1,0.45,0.4,2,1728433397.45446,0,False,False,0.449999999999981
-1000,0,1728432223.62995,60,1728433400.70206,38.36,0.5151,37.98,0.4958,38.33,5,1,0.45,0.4,2,1728433458.64396,0,0.030000000000001,False,0
-1000,0,1728432223.62995,60,1728433462.28871,38.18,0.5164,37.88,0.4956,38.33,5,1,0.45,0.4,2,1728433520.22871,0,False,False,0.749999999999993
-1000,0,1728432223.62995,60,1728433523.48109,38,0.5217,37.8,0.4989,38.33,5,1,0.45,0.4,2,1728433581.83587,0,False,False,1
-1000,0,1728432223.62995,60,1728433585.08285,38.12,0.5214,37.84,0.4994,38.33,5,1,0.45,0.4,2,1728433643.45255,0,False,False,1
-1000,0,1728432223.62995,60,1728433646.7001,38.28,0.5166,37.93,0.4966,38.33,5,1,0.45,0.4,2,1728433705.05213,0,False,False,0.249999999999986
-1000,0,1728432223.62995,60,1728433708.30446,38.33,0.5143,37.99,0.4943,38.33,5,1,0.45,0.4,2,1728433764.14438,0,0.039999999999999,False,0
-1000,0,1728432223.62995,60,1728433771.43125,38.13,0.5186,37.85,0.4963,38.33,5,1,0.45,0.4,2,1728433828.84788,0,False,False,0.999999999999979
