experiment_begin_timestamp,experiment_sec,experiment_state_timestamp,save_interval_secs,last_save_timestamp,temperature_1_C,humidity_1,temperature_2_C,humidity_2,target_temperature,target_humidity,control_change_minimum_secs,last_control_change_timestamp,last_fan_on_timestamp,fan_on,humidifyer_on,heater_on
-1000,0,1728344459.7683737,60,0,22.03,0.7237,22.01,0.6996,23,0.7,30,1728344460.926414,0,False,False,True
-1000,0,1728344459.7683737,60,1728344460.961359,22.1,0.725,22.06,0.7001000000000001,23,0.7,30,1728344490.9525287,0,False,False,True
-1000,0,1728344459.7683737,60,1728344520.9732873,22.16,0.7258,22.32,0.7008,23,0.7,30,1728344550.9917865,0,False,False,True
-1000,0,1728344459.7683737,60,1728344580.9942179,22.31,0.7293999999999999,22.72,0.6973999999999999,23,0.7,30,1728344610.9995925,0,False,False,True
-1000,0,1728344459.7683737,60,1728344641.0048938,22.56,0.7329000000000001,23.25,0.6898000000000001,23,0.7,30,1728344671.0332022,0,False,False,True
-1000,0,1728344459.7683737,60,1728344701.0262861,22.85,0.7347,23.79,0.6806,23,0.7,30,1728344731.0950775,0,False,False,True
-1000,0,1728344459.7683737,60,1728344761.0514686,23.12,0.735,24.33,0.6706000000000001,23,0.7,30,1728344791.1393976,0,False,False,True
-1000,0,1728344459.7683737,60,1728344821.0842974,23.49,0.7308,24.8,0.6502,23,0.7,30,1728344851.1750584,0,True,False,False
-1000,0,1728344459.7683737,60,1728344881.1197782,23.8,0.7205,25.09,0.6342,23,0.7,30,1728344911.1916175,0,True,False,False
-1000,0,1728344459.7683737,60,1728344941.1593978,24.01,0.6957,24.99,0.6012,23,0.7,30,1728344971.2081957,0,True,False,False
-1000,0,1728344459.7683737,60,1728345001.1901608,24.06,0.6790999999999999,24.52,0.6095,23,0.7,30,1728345031.2453372,0,True,True,False
-1000,0,1728345087.2976303,60,0,24.0,0.6738,24.27,0.6131000000000001,38.33,0.42,2,1728345088.288816,0,False,False,True
-1000,0,1728345087.2976303,60,1728345088.3335812,23.95,0.6706000000000001,23.85,0.6279,38.33,0.42,2,1728345146.8847628,0,False,False,True
-1000,0,1728345087.2976303,60,1728345148.3666465,23.86,0.6688,23.54,0.6381,38.33,0.42,2,1728345207.5278637,0,False,False,True
-1000,0,1728345228.1556532,60,0,23.84,0.6698000000000001,23.52,0.6419,18.33,0.42,2,1728345229.1095157,0,True,False,False
-1000,0,1728345246.8351815,60,0,23.8,0.6708,23.44,0.6442,38.33,0.42,2,1728345247.7556856,0,False,False,True
-1000,0,1728345246.8351815,60,1728345247.796724,23.75,0.6701,23.27,0.6459999999999999,38.33,0.42,2,1728345306.290745,0,False,False,True
-1000,0,1728345246.8351815,60,1728345307.823032,23.64,0.6723,23.18,0.6544,38.33,0.42,2,1728345366.9114516,0,False,False,True
-1000,0,1728345381.6856918,60,0,23.61,0.6739,23.19,0.6552,18.33,0.42,2,1728345382.686112,0,True,False,False
-1000,0,1728345401.8656402,60,0,23.6,0.6757,23.21,0.6569,38.33,0.42,2,1728345402.9108825,0,False,False,True
-1000,0,1728345401.8656402,60,1728345402.9559016,23.57,0.6787000000000001,23.26,0.6587000000000001,38.33,0.42,2,1728345461.461563,0,False,False,True
-1000,0,1728345401.8656402,60,1728345462.9968083,23.64,0.6847,23.54,0.6614,38.33,0.42,2,1728345522.0541627,0,False,False,True
-1000,0,1728345401.8656402,60,1728345523.0063603,23.8,0.691,24.08,0.6569,38.33,0.42,2,1728345582.5694542,0,False,False,True
-1000,0,1728345401.8656402,60,1728345583.0438159,24.05,0.6950000000000001,24.74,0.6484000000000001,38.33,0.42,2,1728345641.0730455,0,False,False,True
-1000,0,1728345401.8656402,60,1728345643.0677238,24.36,0.6978,25.3,0.639,38.33,0.42,2,1728345701.3537233,0,False,False,True
-1000,0,1728345401.8656402,60,1728345703.0894125,24.65,0.6985,25.93,0.6297,38.33,0.42,2,1728345761.6066225,0,False,False,True
-1000,0,1728345401.8656402,60,1728345763.114001,25.06,0.6983,26.5,0.6215999999999999,38.33,0.42,2,1728345821.8633993,0,False,False,True
-1000,0,1728345401.8656402,60,1728345823.1291344,25.41,0.6970999999999999,27.02,0.6147,38.33,0.42,2,1728345882.2026353,0,False,False,True
-1000,0,1728345401.8656402,60,1728345883.1643403,25.82,0.6958,27.51,0.6082,38.33,0.42,2,1728345942.4896157,0,False,False,True
-1000,0,1728345401.8656402,60,1728345943.1815567,26.2,0.6937000000000001,27.98,0.6023,38.33,0.42,2,1728346002.7486484,0,False,False,True
-1000,0,1728345401.8656402,60,1728346003.1961436,26.59,0.6912999999999999,28.4,0.5970000000000001,38.33,0.42,2,1728346063.0223114,0,False,False,True
-1000,0,1728345401.8656402,60,1728346063.2321956,26.95,0.6886,28.82,0.5927,38.33,0.42,2,1728346121.3416014,0,False,False,True
-1000,0,1728345401.8656402,60,1728346123.2519152,27.36,0.6862,29.25,0.5889,38.33,0.42,2,1728346181.6853456,0,False,False,True
-1000,0,1728345401.8656402,60,1728346183.2905085,27.71,0.6831,29.57,0.5853,38.33,0.42,2,1728346242.1128824,0,False,False,True
-1000,0,1728345401.8656402,60,1728346243.3081298,28.06,0.6801,29.98,0.5821000000000001,38.33,0.42,2,1728346302.438872,0,False,False,True
-1000,0,1728345401.8656402,60,1728346303.3301358,28.42,0.6770999999999999,30.27,0.5792,38.33,0.42,2,1728346362.8092601,0,False,False,True
-1000,0,1728345401.8656402,60,1728346363.3597744,28.78,0.6743000000000001,30.64,0.5765,38.33,0.42,2,1728346423.0906627,0,False,False,True
-1000,0,1728345401.8656402,60,1728346423.3693688,29.05,0.6709999999999999,30.92,0.5740999999999999,38.33,0.42,2,1728346481.5440176,0,False,False,True
-1000,0,1728345401.8656402,60,1728346483.3836293,29.44,0.6681999999999999,31.24,0.5715,38.33,0.42,2,1728346541.913319,0,False,False,True
-1000,0,1728345401.8656402,60,1728346543.4155161,29.75,0.6648999999999999,31.55,0.5695,38.33,0.42,2,1728346602.1770072,0,False,False,True
-1000,0,1728345401.8656402,60,1728346603.4416718,30.07,0.6620999999999999,31.81,0.5675,38.33,0.42,2,1728346662.5643187,0,False,False,True
-1000,0,1728345401.8656402,60,1728346663.454447,30.38,0.6594,32.12,0.5654,38.33,0.42,2,1728346722.8518093,0,False,False,True
-1000,0,1728345401.8656402,60,1728346723.4687393,30.63,0.6568,32.38,0.5638000000000001,38.33,0.42,2,1728346783.0849106,0,False,False,True
-1000,0,1728345401.8656402,60,1728346783.5004528,30.93,0.6541,32.64,0.5622,38.33,0.42,2,1728346843.4087405,0,False,False,True
-1000,0,1728345401.8656402,60,1728346843.5194936,31.24,0.6515000000000001,32.84,0.5609000000000001,38.33,0.42,2,1728346901.7909758,0,False,False,True
-1000,0,1728345401.8656402,60,1728346903.5331218,31.48,0.649,33.18,0.5596,38.33,0.42,2,1728346962.1201916,0,False,False,True
-1000,0,1728345401.8656402,60,1728346963.5462596,31.77,0.6465000000000001,33.35,0.5579,38.33,0.42,2,1728347022.430051,0,False,False,True
-1000,0,1728345401.8656402,60,1728347023.5555835,31.98,0.6439,33.58,0.5566,38.33,0.42,2,1728347082.7249823,0,False,False,True
-1000,0,1728345401.8656402,60,1728347083.582051,32.28,0.6423000000000001,33.81,0.5552,38.33,0.42,2,1728347143.097304,0,False,False,True
-1000,0,1728345401.8656402,60,1728347143.6134288,32.5,0.64,34.06,0.5540999999999999,38.33,0.42,2,1728347203.3643603,0,False,False,True
-1000,0,1728345401.8656402,60,1728347203.643465,32.79,0.6376,34.3,0.5527000000000001,38.33,0.42,2,1728347261.6827857,0,False,False,True
-1000,0,1728345401.8656402,60,1728347263.6851196,32.99,0.6358,34.52,0.5511,38.33,0.42,2,1728347322.3438756,0,False,False,True
-1000,0,1728345401.8656402,60,1728347323.7089205,33.25,0.6336,34.72,0.5501,38.33,0.42,2,1728347382.92392,0,False,False,True
-1000,0,1728345401.8656402,60,1728347383.7189322,33.46,0.6314000000000001,34.94,0.5489,38.33,0.42,2,1728347443.4271328,0,False,False,True
-1000,0,1728345401.8656402,60,1728347443.738796,33.69,0.6299,35.13,0.5477000000000001,38.33,0.42,2,1728347501.974855,0,False,False,True
-1000,0,1728345401.8656402,60,1728347503.7633548,33.89,0.6279,35.35,0.5463,38.33,0.42,2,1728347562.517228,0,False,False,True
-1000,0,1728345401.8656402,60,1728347563.7977364,34.12,0.6261,35.54,0.5452,38.33,0.42,2,1728347622.981251,0,False,False,True
-1000,0,1728345401.8656402,60,1728347623.8368597,34.34,0.6243,35.77,0.5441,38.33,0.42,2,1728347683.6225824,0,False,False,True
-1000,0,1728345401.8656402,60,1728347683.8658853,34.51,0.6227,35.89,0.5428000000000001,38.33,0.42,2,1728347742.0711195,0,False,False,True
-1000,0,1728345401.8656402,60,1728347743.8851244,34.72,0.6208,36.12,0.5418999999999999,38.33,0.42,2,1728347802.6277006,0,False,False,True
-1000,0,1728345401.8656402,60,1728347803.9092534,34.95,0.6191,36.29,0.5409,38.33,0.42,2,1728347863.1347003,0,False,False,True
-1000,0,1728345401.8656402,60,1728347863.9209266,35.12,0.6175,36.47,0.5399,38.33,0.42,2,1728347923.6349876,0,False,False,True
-1000,0,1728345401.8656402,60,1728347923.9485445,35.33,0.6156,36.6,0.5391,38.33,0.42,2,1728347982.2254937,0,False,False,True
-1000,0,1728345401.8656402,60,1728347983.9840176,35.51,0.6141,36.79,0.5378000000000001,38.33,0.42,2,1728348042.6426134,0,False,False,True
-1000,0,1728345401.8656402,60,1728348044.0209012,35.64,0.612,36.95,0.5372,38.33,0.42,2,1728348103.0886364,0,False,False,True
-1000,0,1728345401.8656402,60,1728348104.0460162,35.86,0.6109,37.13,0.5364,38.33,0.42,2,1728348163.5778813,0,False,False,True
-1000,0,1728345401.8656402,60,1728348164.0849137,35.99,0.6091,37.28,0.5356000000000001,38.33,0.42,2,1728348222.161584,0,False,False,True
-1000,0,1728345401.8656402,60,1728348224.1154706,36.16,0.6073,37.42,0.5346000000000001,38.33,0.42,2,1728348282.7402048,0,False,False,True
-1000,0,1728345401.8656402,60,1728348284.1400895,36.32,0.6059,37.55,0.5333,38.33,0.42,2,1728348343.297913,0,False,False,True
-1000,0,1728345401.8656402,60,1728348344.1649075,36.47,0.605,37.75,0.5326,38.33,0.42,2,1728348403.8480227,0,False,False,True
-1000,0,1728345401.8656402,60,1728348404.1955676,36.65,0.6037,37.84,0.5318,38.33,0.42,2,1728348462.3749793,0,False,False,True
-1000,0,1728345401.8656402,60,1728348464.2354703,36.77,0.6023,37.98,0.531,38.33,0.42,2,1728348522.9153264,0,False,False,True
-1000,0,1728345401.8656402,60,1728348524.2474072,36.95,0.6008,38.1,0.5303,38.33,0.42,2,1728348583.4645948,0,False,False,True
-1000,0,1728345401.8656402,60,1728348584.2873542,37.04,0.5995,38.26,0.5299,38.33,0.42,2,1728348644.078471,0,False,False,True
-1000,0,1728345401.8656402,60,1728348644.3157775,37.2,0.5985,38.35,0.5294,38.33,0.42,2,1728348702.468508,0,False,False,True
-1000,0,1728345401.8656402,60,1728348704.3415933,37.34,0.5970000000000001,38.46,0.5286,38.33,0.42,2,1728348762.8714716,0,False,False,True
-1000,0,1728345401.8656402,60,1728348764.3725028,37.47,0.5959000000000001,38.6,0.5282,38.33,0.42,2,1728348823.2602477,0,False,False,True
-1000,0,1728345401.8656402,60,1728348824.3891647,37.55,0.5952000000000001,38.73,0.5272,38.33,0.42,2,1728348883.638913,0,False,False,True
-1000,0,1728345401.8656402,60,1728348884.4252217,37.7,0.594,38.81,0.5261,38.33,0.42,2,1728348943.9965622,0,False,False,True
-1000,0,1728345401.8656402,60,1728348944.4460573,37.84,0.5928,38.95,0.5254,38.33,0.42,2,1728349002.4541636,0,False,False,True
-1000,0,1728345401.8656402,60,1728349004.4587424,37.96,0.5918,39.09,0.5244,38.33,0.42,2,1728349062.81372,0,False,False,True
-1000,0,1728345401.8656402,60,1728349064.4830682,38.05,0.5907,39.21,0.5236999999999999,38.33,0.42,2,1728349123.1089818,0,False,False,True
-1000,0,1728345401.8656402,60,1728349124.5083964,38.22,0.5897,39.3,0.5231,38.33,0.42,2,1728349183.424967,0,False,False,True
-1000,0,1728345401.8656402,60,1728349184.5279396,38.32,0.5886,39.39,0.5228,38.33,0.42,2,1728349243.7712593,0,False,False,True
-1000,0,1728345401.8656402,60,1728349244.559628,38.41,0.5626,39.39,0.4594,38.33,0.42,2,1728349302.6214826,0,True,False,False
-1000,0,1728345401.8656402,60,1728349304.5966325,38.38,0.5179,39.01,0.40950000000000003,38.33,0.42,2,1728349362.9720757,0,True,False,False
-1000,0,1728345401.8656402,60,1728349364.6355357,38.13,0.489,38.39,0.4155,38.33,0.42,2,1728349423.667542,0,False,False,True
-1000,0,1728345401.8656402,60,1728349424.6585848,37.93,0.4913,37.92,0.44070000000000004,38.33,0.42,2,1728349484.0154667,0,False,False,True
-1000,0,1728345401.8656402,60,1728349484.6659698,37.73,0.499,37.78,0.4565,38.33,0.42,2,1728349544.2399306,0,False,False,True
-1000,0,1728345401.8656402,60,1728349544.6879163,37.65,0.507,37.78,0.4662,38.33,0.42,2,1728349604.6031866,0,False,False,True
-1000,0,1728345401.8656402,60,1728349604.7059877,37.62,0.514,37.82,0.4723,38.33,0.42,2,1728349662.93331,0,False,False,True
-1000,0,1728345401.8656402,60,1728349664.7402017,37.59,0.5197999999999999,37.98,0.47619999999999996,38.33,0.42,2,1728349723.2686486,0,False,False,True
-1000,0,1728345401.8656402,60,1728349724.763578,37.62,0.5247999999999999,38.16,0.47869999999999996,38.33,0.42,2,1728349783.612711,0,False,False,True
-1000,0,1728345401.8656402,60,1728349784.7754676,37.69,0.5293,38.32,0.4804,38.33,0.42,2,1728349844.0276885,0,False,False,True
-1000,0,1728345401.8656402,60,1728349844.816025,37.76,0.5324,38.46,0.4814,38.33,0.42,2,1728349904.3737676,0,False,False,True
-1000,0,1728345401.8656402,60,1728349904.8379471,37.81,0.5354,38.67,0.48240000000000005,38.33,0.42,2,1728349964.6989937,0,False,False,True
-1000,0,1728345401.8656402,60,1728349964.8766572,37.94,0.5377000000000001,38.79,0.483,38.33,0.42,2,1728350022.9305613,0,False,False,True
-1000,0,1728345401.8656402,60,1728350024.8941443,38.02,0.539,38.98,0.4832,38.33,0.42,2,1728350083.2308524,0,False,False,True
-1000,0,1728345401.8656402,60,1728350084.9103389,38.15,0.5406000000000001,39.09,0.4833,38.33,0.42,2,1728350143.4843707,0,False,False,True
-1000,0,1728345401.8656402,60,1728350144.9275677,38.24,0.5417000000000001,39.26,0.48380000000000006,38.33,0.42,2,1728350203.6678293,0,False,False,True
-1000,0,1728345401.8656402,60,1728350204.9650183,38.39,0.5417000000000001,39.38,0.4733,38.33,0.42,2,1728350263.636208,0,True,False,False
-1000,0,1728345401.8656402,60,1728350265.00031,38.41,0.5042,39.29,0.40909999999999996,38.33,0.42,2,1728350323.8961647,0,True,False,False
-1000,0,1728345401.8656402,60,1728350325.0244315,38.3,0.4671,38.8,0.37950000000000006,38.33,0.42,2,1728350384.2737045,0,True,False,False
-1000,0,1728345401.8656402,60,1728350385.0650523,38.09,0.45630000000000004,38.22,0.4001,38.33,0.42,2,1728350444.8565273,0,False,False,True
-1000,0,1728345401.8656402,60,1728350445.1001136,37.87,0.4626,37.84,0.4207,38.33,0.42,2,1728350503.2407217,0,False,False,True
-1000,0,1728345401.8656402,60,1728350505.1148808,37.72,0.4711,37.79,0.43420000000000003,38.33,0.42,2,1728350563.7973485,0,False,False,True
-1000,0,1728345401.8656402,60,1728350565.1259313,37.62,0.4789,37.81,0.4424,38.33,0.42,2,1728350624.4513175,0,False,False,True
-1000,0,1728345401.8656402,60,1728350625.165258,37.62,0.4855,37.93,0.44770000000000004,38.33,0.42,2,1728350684.9606857,0,False,False,True
-1000,0,1728345401.8656402,60,1728350685.2032971,37.67,0.4913,38.12,0.4508,38.33,0.42,2,1728350743.4481575,0,False,False,True
-1000,0,1728345401.8656402,60,1728350745.220829,37.72,0.4962,38.31,0.4529,38.33,0.42,2,1728350804.0829124,0,False,False,True
-1000,0,1728345401.8656402,60,1728350805.2360916,37.78,0.5004,38.5,0.4548,38.33,0.42,2,1728350864.5696714,0,False,False,True
-1000,0,1728345401.8656402,60,1728350865.2559643,37.88,0.5038,38.71,0.4557,38.33,0.42,2,1728350925.0571432,0,False,False,True
-1000,0,1728345401.8656402,60,1728350925.2663586,37.97,0.5067,38.85,0.4565,38.33,0.42,2,1728350983.589009,0,False,False,True
-1000,0,1728345401.8656402,60,1728350985.296888,38.08,0.509,39.03,0.4572,38.33,0.42,2,1728351044.1395774,0,False,False,True
-1000,0,1728345401.8656402,60,1728351045.335497,38.21,0.5107,39.22,0.4559,38.33,0.42,2,1728351104.626722,0,False,False,True
-1000,0,1728345401.8656402,60,1728351105.371773,37.17,0.3504,37.95,0.3135,38.33,0.42,2,1728351165.226434,0,False,True,True
-1000,0,1728345401.8656402,60,1728351165.3952422,36.76,0.41490000000000005,36.55,0.3835,38.33,0.42,2,1728351223.7629216,0,False,True,True
-1000,0,1728345401.8656402,60,1728351225.4317682,37.47,0.4203,36.2,0.41759999999999997,38.33,0.42,2,1728351284.4319384,0,False,False,True
-1000,0,1728345401.8656402,60,1728351285.4469936,38.33,0.42340000000000005,36.3,0.4353,38.33,0.42,2,1728351345.2724247,0,False,False,True
-1000,0,1728345401.8656402,60,1728351345.4837334,38.31,0.39670000000000005,36.39,0.41979999999999995,38.33,0.42,2,1728351403.8049233,0,False,True,True
-1000,0,1728345401.8656402,60,1728351405.5019937,38.12,0.4264,36.38,0.4366,38.33,0.42,2,1728351464.32747,0,False,False,True
-1000,0,1728345401.8656402,60,1728351465.5166156,38.36,0.40770000000000006,36.43,0.4329,38.33,0.42,2,1728351525.3449528,0,True,True,False
-1000,0,1728345401.8656402,60,1728351525.5525956,38.2,0.4282,36.36,0.44020000000000004,38.33,0.42,2,1728351584.072215,0,False,False,True
-1000,0,1728345401.8656402,60,1728351585.5826273,38.33,0.4108,36.41,0.4354,38.33,0.42,2,1728351644.647612,0,True,True,False
-1000,0,1728345401.8656402,60,1728351645.6114202,38.26,0.43,36.36,0.44420000000000004,38.33,0.42,2,1728351705.4358647,0,False,False,True
-1000,0,1728345401.8656402,60,1728351705.6293912,38.28,0.4279,36.43,0.4418,38.33,0.42,2,1728351764.3520477,0,False,False,True
-1000,0,1728345401.8656402,60,1728351765.6613195,38.32,0.4086,36.37,0.44020000000000004,38.33,0.42,2,1728351825.5730963,0,False,True,True
-1000,0,1728345401.8656402,60,1728351825.683747,38.36,0.4278,36.36,0.4474,38.33,0.42,2,1728351885.1089542,0,False,False,True
-1000,0,1728345401.8656402,60,1728351885.6925035,38.28,0.42700000000000005,36.37,0.44520000000000004,38.33,0.42,2,1728351943.8247561,0,False,False,True
-1000,0,1728345401.8656402,60,1728351945.7350194,35.51,0.3619,35.25,0.349,38.33,0.42,2,1728352004.3944373,0,False,True,True
-1000,0,1728345401.8656402,60,1728352005.7449927,33.91,0.4462,33.84,0.4216,38.33,0.42,2,1728352064.9466448,0,False,False,True
-1000,0,1728345401.8656402,60,1728352065.7691495,33.69,0.4681,33.46,0.4462,38.33,0.42,2,1728352125.341717,0,False,False,True
-1000,0,1728345401.8656402,60,1728352125.7838883,34.0,0.4737,33.64,0.4558,38.33,0.42,2,1728352185.7488744,0,False,False,True
-1000,0,1728345401.8656402,60,1728352185.8222322,34.5,0.47340000000000004,34.02,0.4579,38.33,0.42,2,1728352244.2400858,0,False,False,True
-1000,0,1728345401.8656402,60,1728352245.8441916,34.99,0.47100000000000003,34.43,0.45740000000000003,38.33,0.42,2,1728352304.776675,0,False,False,True
-1000,0,1728345401.8656402,60,1728352305.87103,35.47,0.4687,34.9,0.4559,38.33,0.42,2,1728352365.2103055,0,False,False,True
-1000,0,1728345401.8656402,60,1728352365.8964043,35.91,0.4671,35.3,0.45420000000000005,38.33,0.42,2,1728352425.680514,0,False,False,True
-1000,0,1728345401.8656402,60,1728352425.9162347,36.32,0.46520000000000006,35.72,0.4526,38.33,0.42,2,1728352484.1336813,0,False,False,True
-1000,0,1728345401.8656402,60,1728352485.9416313,36.64,0.46399999999999997,36.1,0.4509,38.33,0.42,2,1728352544.7492185,0,False,False,True
-1000,0,1728345401.8656402,60,1728352545.9745212,36.95,0.46299999999999997,36.41,0.4497,38.33,0.42,2,1728352605.3089197,0,False,False,True
-1000,0,1728345401.8656402,60,1728352605.994259,37.25,0.46270000000000006,36.73,0.4487,38.33,0.42,2,1728352665.8944623,0,False,False,True
-1000,0,1728345401.8656402,60,1728352666.0045764,37.51,0.4622,37.02,0.44799999999999995,38.33,0.42,2,1728352724.4921236,0,False,False,True
-1000,0,1728345401.8656402,60,1728352726.0133414,37.76,0.4622,37.31,0.4476,38.33,0.42,2,1728352784.992588,0,False,False,True
-1000,0,1728345401.8656402,60,1728352786.03938,37.98,0.4622,37.54,0.4472,38.33,0.42,2,1728352845.5557263,0,False,False,True
-1000,0,1728345401.8656402,60,1728352846.064745,38.26,0.4621,37.8,0.44680000000000003,38.33,0.42,2,1728352904.1499453,0,False,False,True
-1000,0,1728345401.8656402,60,1728352906.1044135,38.41,0.4369,37.93,0.4216,38.33,0.42,2,1728352964.6589904,0,True,False,False
-1000,0,1728345401.8656402,60,1728352966.1279488,38.11,0.43060000000000004,37.85,0.4108,38.33,0.42,2,1728353025.5085027,0,False,False,True
-1000,0,1728345401.8656402,60,1728353026.158353,37.85,0.4464,37.67,0.424,38.33,0.42,2,1728353086.0642703,0,False,False,True
-1000,0,1728345401.8656402,60,1728353086.1981936,37.83,0.4546,37.63,0.4326,38.33,0.42,2,1728353144.5918176,0,False,False,True
-1000,0,1728345401.8656402,60,1728353146.2274601,37.94,0.4583,37.75,0.43729999999999997,38.33,0.42,2,1728353205.060132,0,False,False,True
-1000,0,1728345401.8656402,60,1728353206.2568038,38.17,0.45990000000000003,37.84,0.4403,38.33,0.42,2,1728353265.6266541,0,False,False,True
-1000,0,1728345401.8656402,60,1728353266.278112,38.39,0.44930000000000003,38.02,0.4316,38.33,0.42,2,1728353324.5215573,0,True,False,False
-1000,0,1728345401.8656402,60,1728353326.308912,38.24,0.41600000000000004,38.05,0.39640000000000003,38.33,0.42,2,1728353385.5542853,0,False,True,True
-1000,0,1728345401.8656402,60,1728353386.3434381,37.88,0.4429,37.77,0.4191,38.33,0.42,2,1728353445.8568518,0,False,False,True
-1000,0,1728345401.8656402,60,1728353446.3741388,37.81,0.4526,37.65,0.4293,38.33,0.42,2,1728353506.159858,0,False,False,True
-1000,0,1728345401.8656402,60,1728353506.4031737,37.92,0.4568,37.73,0.4355,38.33,0.42,2,1728353566.3341067,0,False,False,True
-1000,0,1728345401.8656402,60,1728353566.44336,38.11,0.4585,37.85,0.4387,38.33,0.42,2,1728353624.6442556,0,False,False,True
-1000,0,1728345401.8656402,60,1728353626.477221,38.36,0.4549,38.02,0.4364,38.33,0.42,2,1728353684.884049,0,True,False,False
-1000,0,1728345401.8656402,60,1728353686.488214,38.33,0.41450000000000004,38.04,0.39630000000000004,38.33,0.42,2,1728353745.5778396,0,False,True,True
-1000,0,1728345401.8656402,60,1728353746.5021048,37.93,0.4412,37.79,0.41759999999999997,38.33,0.42,2,1728353805.80287,0,False,False,True
-1000,0,1728345401.8656402,60,1728353806.5215273,37.83,0.4515,37.7,0.4282,38.33,0.42,2,1728353866.0361848,0,False,False,True
-1000,0,1728345401.8656402,60,1728353866.5513868,37.91,0.4558,37.71,0.4339,38.33,0.42,2,1728353926.301632,0,False,False,True
-1000,0,1728345401.8656402,60,1728353926.582943,38.1,0.4576,37.82,0.4376,38.33,0.42,2,1728353986.5097346,0,False,False,True
-1000,0,1728345401.8656402,60,1728353986.6201267,38.35,0.4573,38.02,0.4388,38.33,0.42,2,1728354045.2251115,0,True,False,False
-1000,0,1728345401.8656402,60,1728354046.6570725,38.38,0.41350000000000003,38.1,0.3951,38.33,0.42,2,1728354105.5215838,0,True,True,False
-1000,0,1728345401.8656402,60,1728354106.681102,37.93,0.4394,37.81,0.41590000000000005,38.33,0.42,2,1728354165.8526006,0,False,False,True
-1000,0,1728345401.8656402,60,1728354166.7089508,37.78,0.45060000000000006,37.67,0.4267,38.33,0.42,2,1728354226.1425192,0,False,False,True
-1000,0,1728345401.8656402,60,1728354226.727748,37.88,0.4558,37.67,0.4333,38.33,0.42,2,1728354286.4209588,0,False,False,True
-1000,0,1728345401.8656402,60,1728354286.767636,38.02,0.4573,37.8,0.4366,38.33,0.42,2,1728354344.8783498,0,False,False,True
-1000,0,1728345401.8656402,60,1728354346.7881024,38.26,0.4576,37.94,0.4385,38.33,0.42,2,1728354405.2766154,0,False,False,True
-1000,0,1728345401.8656402,60,1728354406.810739,38.43,0.42229999999999995,38.11,0.4061,38.33,0.42,2,1728354466.0870311,0,True,False,False
-1000,0,1728345401.8656402,60,1728354466.8419447,38.01,0.4341,37.87,0.4117,38.33,0.42,2,1728354526.6361754,0,False,False,True
-1000,0,1728345401.8656402,60,1728354526.8792865,37.71,0.449,37.65,0.42460000000000003,38.33,0.42,2,1728354584.9702773,0,False,False,True
-1000,0,1728345401.8656402,60,1728354586.9146032,37.71,0.45630000000000004,37.56,0.43270000000000003,38.33,0.42,2,1728354645.3211713,0,False,False,True
-1000,0,1728345401.8656402,60,1728354646.926222,37.87,0.45840000000000003,37.65,0.4369,38.33,0.42,2,1728354705.6400495,0,False,False,True
-1000,0,1728345401.8656402,60,1728354706.9363134,38.1,0.45890000000000003,37.79,0.43920000000000003,38.33,0.42,2,1728354765.952936,0,False,False,True
-1000,0,1728345401.8656402,60,1728354766.9794712,38.36,0.4568,38.02,0.4388,38.33,0.42,2,1728354826.2673807,0,True,False,False
-1000,0,1728345401.8656402,60,1728354827.021932,38.35,0.41369999999999996,38.08,0.3957,38.33,0.42,2,1728354886.6182904,0,True,True,False
-1000,0,1728345401.8656402,60,1728354887.032213,37.93,0.44,37.81,0.4165,38.33,0.42,2,1728354946.9637604,0,False,False,True
-1000,0,1728345401.8656402,60,1728354947.073154,37.75,0.4508,37.6,0.4266,38.33,0.42,2,1728355005.2993145,0,False,False,True
-1000,0,1728345401.8656402,60,1728355007.1097898,37.86,0.4554,37.66,0.43310000000000004,38.33,0.42,2,1728355065.627899,0,False,False,True
-1000,0,1728345401.8656402,60,1728355067.1388435,38.04,0.4565,37.77,0.436,38.33,0.42,2,1728355125.9337068,0,False,False,True
-1000,0,1728345401.8656402,60,1728355127.180232,38.32,0.4561,37.96,0.4374,38.33,0.42,2,1728355186.276934,0,False,False,True
-1000,0,1728345401.8656402,60,1728355187.1987774,38.42,0.413,38.1,0.3962,38.33,0.42,2,1728355246.8594282,0,True,True,False
-1000,0,1728345401.8656402,60,1728355247.2402966,38.0,0.4368,37.85,0.41369999999999996,38.33,0.42,2,1728355307.1029174,0,False,False,True
-1000,0,1728345401.8656402,60,1728355307.2809653,37.83,0.4487,37.67,0.42490000000000006,38.33,0.42,2,1728355365.405776,0,False,False,True
-1000,0,1728345401.8656402,60,1728355367.3136768,37.87,0.4536,37.67,0.4314,38.33,0.42,2,1728355425.7332978,0,False,False,True
-1000,0,1728345401.8656402,60,1728355427.3390012,38.04,0.45530000000000004,37.8,0.4347,38.33,0.42,2,1728355486.0179467,0,False,False,True
-1000,0,1728345401.8656402,60,1728355487.3480237,38.3,0.4549,37.97,0.4366,38.33,0.42,2,1728355546.675065,0,True,False,False
-1000,0,1728345401.8656402,60,1728355547.359993,38.35,0.4119,38.06,0.394,38.33,0.42,2,1728355606.9375267,0,True,True,False
-1000,0,1728345401.8656402,60,1728355607.386308,37.95,0.438,37.81,0.4146,38.33,0.42,2,1728355667.241494,0,False,False,True
-1000,0,1728345401.8656402,60,1728355667.419342,37.79,0.4487,37.68,0.425,38.33,0.42,2,1728355725.53955,0,False,False,True
-1000,0,1728345401.8656402,60,1728355727.4476497,37.89,0.45310000000000006,37.69,0.43090000000000006,38.33,0.42,2,1728355785.914876,0,False,False,True
-1000,0,1728345401.8656402,60,1728355787.484384,38.09,0.45409999999999995,37.81,0.4339,38.33,0.42,2,1728355846.2427576,0,False,False,True
-1000,0,1728345401.8656402,60,1728355847.5078006,38.34,0.4536,38.0,0.4349,38.33,0.42,2,1728355907.3049183,0,True,False,False
-1000,0,1728345401.8656402,60,1728355907.5500765,38.39,0.41340000000000005,38.09,0.3956,38.33,0.42,2,1728355965.6057317,0,True,True,False
-1000,0,1728345401.8656402,60,1728355967.5850818,37.91,0.4386,37.79,0.41509999999999997,38.33,0.42,2,1728356026.7426763,0,False,False,True
-1000,0,1728345401.8656402,60,1728356027.6004713,37.67,0.4501,37.56,0.42600000000000005,38.33,0.42,2,1728356087.0000436,0,False,False,True
-1000,0,1728345401.8656402,60,1728356087.6161559,37.75,0.4551,37.59,0.43229999999999996,38.33,0.42,2,1728356147.296363,0,False,False,True
-1000,0,1728345401.8656402,60,1728356147.6434348,37.97,0.456,37.71,0.4353,38.33,0.42,2,1728356207.5994759,0,False,False,True
-1000,0,1728345401.8656402,60,1728356207.6752682,38.23,0.4557,37.88,0.43670000000000003,38.33,0.42,2,1728356265.883873,0,False,False,True
-1000,0,1728345401.8656402,60,1728356267.7175457,38.43,0.4292,38.08,0.41340000000000005,38.33,0.42,2,1728356326.2166438,0,True,False,False
-1000,0,1728345401.8656402,60,1728356327.743788,38.16,0.42869999999999997,37.96,0.40750000000000003,38.33,0.42,2,1728356386.5764537,0,False,False,True
