experiment_state_timestamp,save_interval_secs,last_save_timestamp,temperature_1_C,humidity_1,temperature_2_C,egg_turning_on,target_temperature,boost_temperature,cooling_start_temperature,heating_proportional_Cf,heating_integral_Cf,heating_derivitive_Cf,target_humidity,range_humidity,control_change_minimum_secs,last_control_change_timestamp,front_turn_switch,rear_turn_switch,top_switch,venting_state,last_venting_timestamp,exhaust_on,humidifyer_on,heater_on,boost_on,fan_on
1784849457.3002179,20,1785409291.1963072,37.40100709544518,0.6310429541466392,36.92301823453117,True,37.5,36.5,38.6,0.95,0.05,0.0,0.7,0.03,2,1785409301.224887,False,True,True,False,1785409260.215402,False,True,1,0,False
1784849457.3002179,20,1785409311.2029479,37.43305104142824,0.6311001754787519,36.92301823453117,True,37.5,36.5,38.6,0.95,0.05,0.0,0.7,0.03,2,1785409321.230786,False,True,True,False,1785409260.215402,False,True,1,0,False
1784849457.3002179,20,1785409331.2133896,37.43038071259632,0.6309094377050432,36.939040207522694,True,37.5,36.5,38.6,0.95,0.05,0.0,0.7,0.03,2,1785409341.246787,False,True,True,False,1785409260.215402,False,True,1,0,False
1784849457.3002179,20,1785409351.2255516,37.41702906843672,0.6306996261539635,36.93636987869077,True,37.5,36.5,38.6,0.95,0.05,0.0,0.7,0.03,2,1785409361.2545767,False,True,True,False,1785409260.215402,False,True,1,0,False
1784849457.3002179,20,1785409371.2342584,37.44907301441978,0.6311192492561227,36.94171053635462,True,37.5,36.5,38.6,0.95,0.05,0.0,0.7,0.03,2,1785409381.2634382,False,True,True,False,1785409260.215402,False,True,1,0,False
1784849457.3002179,20,1785409391.2426987,37.446402685587856,0.6310811017013809,36.95239185168231,True,37.5,36.5,38.6,0.95,0.05,0.0,0.7,0.03,2,1785409401.2731364,False,False,True,False,1785409260.215402,False,True,1,0,False
1784849457.3002179,20,1785409411.2516744,37.45975432974747,0.6309666590371558,36.97909514000152,True,37.5,36.5,38.6,0.95,0.05,0.0,0.7,0.03,2,1785409421.2807455,False,True,True,False,1785409260.215402,False,True,1,0,False
1784849457.3002179,20,1785409431.2598548,37.46242465857938,0.6309857328145266,36.989776455329206,True,37.5,36.5,38.6,0.95,0.05,0.0,0.7,0.03,2,1785409441.2892714,False,False,True,True,1785409440.2154076,False,True,1,0,False
1784849457.3002179,20,1785409451.267026,37.47577630273899,0.6311192492561227,36.99244678416113,True,37.5,36.5,38.6,0.95,0.05,0.0,0.7,0.03,2,1785409461.294397,False,True,True,False,1785409440.2154076,False,True,1,0,False
1784849457.3002179,20,1785409471.2732916,37.48645761806668,0.6310238803692684,37.00846875715267,True,37.5,36.5,38.6,0.95,0.05,0.0,0.7,0.03,2,1785409481.3005764,False,False,True,False,1785409440.2154076,False,True,1,0,False
1784849457.3002179,20,1785409491.2795315,37.49713893339437,0.6311764705882353,37.00846875715267,True,37.5,36.5,38.6,0.95,0.05,0.0,0.7,0.03,2,1785409501.3068607,False,True,True,False,1785409440.2154076,False,True,1,0,False
1784849457.3002179,20,1785409511.2857382,37.513160906385906,0.6311764705882353,37.029831387808045,True,37.5,36.5,38.6,0.95,0.05,0.0,0.7,0.03,2,1785409521.3131285,False,False,True,False,1785409440.2154076,False,1,0,0,False
1784849457.3002179,20,1785409531.292154,37.49980926222629,0.6308712901503014,37.01380941481651,True,37.5,36.5,38.6,0.95,0.05,0.0,0.7,0.03,2,1785409541.3196235,False,True,True,False,1785409440.2154076,False,True,1,0,False
1784849457.3002179,20,1785409551.2984166,37.507820248722055,0.6312527656977188,37.01647974364843,True,37.5,36.5,38.6,0.95,0.05,0.0,0.7,0.03,2,1785409561.3258126,False,True,True,False,1785409440.2154076,False,1,0,0,False
1784849457.3002179,20,1785409571.3046157,37.507820248722055,0.6308903639276723,37.01647974364843,True,37.5,36.5,38.6,0.95,0.05,0.0,0.7,0.03,2,1785409581.331874,False,True,True,False,1785409440.2154076,False,1,0,0,False
1784849457.3002179,20,1785409591.310883,37.483787289234755,0.6308712901503014,37.00045777065691,True,37.5,36.5,38.6,0.95,0.05,0.0,0.7,0.03,2,1785409601.3383005,False,True,True,False,1785409440.2154076,False,True,1,0,False
1784849457.3002179,20,1785409611.3179631,37.48645761806668,0.6309475852597849,36.99511711299306,True,37.5,36.5,38.6,0.95,0.05,0.0,0.7,0.03,2,1785409621.346295,False,True,True,True,1785409620.215457,False,True,1,0,False
1784849457.3002179,20,1785409631.3264387,37.489127946898606,0.6311001754787519,36.97909514000152,True,37.5,36.5,38.6,0.95,0.05,0.0,0.7,0.03,2,1785409641.3561466,False,True,True,False,1785409620.215457,False,True,1,0,False
1784849457.3002179,20,1785409651.3345401,37.438391699092094,0.6307949950408179,36.96040283817807,True,37.5,36.5,38.6,0.95,0.05,0.0,0.7,0.03,2,1785409661.3645046,False,True,True,False,1785409620.215457,False,True,1,0,False
1784849457.3002179,20,1785409671.3418372,37.438391699092094,0.6308331425955597,36.97642481116961,True,37.5,36.5,38.6,0.95,0.05,0.0,0.7,0.03,2,1785409681.3715286,False,True,True,False,1785409620.215457,False,True,1,0,False
1784849457.3002179,20,1785409691.35111,37.481116960402844,0.6312527656977188,36.987106126497295,True,37.5,36.5,38.6,0.95,0.05,0.0,0.7,0.03,2,1785409701.3801777,False,True,True,False,1785409620.215457,False,True,1,0,False
1784849457.3002179,20,1785409711.359607,37.48645761806668,0.6310238803692684,37.00312809948882,True,37.5,36.5,38.6,0.95,0.05,0.0,0.7,0.03,2,1785409721.3865342,False,True,True,False,1785409620.215457,False,True,1,0,False
1784849457.3002179,20,1785409731.3669267,37.49446860456244,0.6311383230334936,37.024490730144194,True,37.5,36.5,38.6,0.95,0.05,0.0,0.7,0.03,2,1785409741.3958578,False,True,True,False,1785409620.215457,False,True,1,0,False
1784849457.3002179,20,1785409751.3744273,37.507820248722055,0.6307949950408179,36.989776455329206,True,37.5,36.5,38.6,0.95,0.05,0.0,0.7,0.03,2,1785409761.403143,False,False,True,False,1785409620.215457,False,1,0,0,False
1784849457.3002179,20,1785409771.3806796,37.52918287937743,0.6312909132524606,37.02716105897612,True,37.5,36.5,38.6,0.95,0.05,0.0,0.7,0.03,2,1785409781.4103386,False,False,True,False,1785409620.215457,False,1,0,0,False
1784849457.3002179,20,1785409791.3872602,37.526512550545505,0.6312527656977188,37.02182040131228,True,37.5,36.5,38.6,0.95,0.05,0.0,0.7,0.03,2,1785409801.417242,False,False,True,True,1785409800.2154777,False,1,0,0,False
1784849457.3002179,20,1785409811.3937104,37.513160906385906,0.6311001754787519,37.011139085984595,True,37.5,36.5,38.6,0.95,0.05,0.0,0.7,0.03,2,1785409821.420757,False,True,True,False,1785409800.2154777,False,1,0,0,False
1784849457.3002179,20,1785409831.4003148,37.50514991989013,0.6309094377050432,36.989776455329206,True,37.5,36.5,38.6,0.95,0.05,0.0,0.7,0.03,2,1785409841.427221,False,True,True,False,1785409800.2154777,False,1,0,0,False
1784849457.3002179,20,1785409851.4066083,37.470435645075156,0.6309475852597849,36.99244678416113,True,37.5,36.5,38.6,0.95,0.05,0.0,0.7,0.03,2,1785409861.4339216,False,True,True,False,1785409800.2154777,False,True,1,0,False
1784849457.3002179,20,1785409871.4128497,37.48645761806668,0.6311001754787519,36.97108415350576,True,37.5,36.5,38.6,0.95,0.05,0.0,0.7,0.03,2,1785409881.440185,False,False,True,False,1785409800.2154777,False,True,1,0,False
1784849457.3002179,20,1785409891.4191709,37.47577630273899,0.6310811017013809,36.987106126497295,True,37.5,36.5,38.6,0.95,0.05,0.0,0.7,0.03,2,1785409901.4465137,False,False,True,False,1785409800.2154777,False,True,1,0,False
1784849457.3002179,20,1785409911.426526,37.44907301441978,0.6311192492561227,36.97108415350576,True,37.5,36.5,38.6,0.95,0.05,0.0,0.7,0.03,2,1785409921.456567,False,True,True,False,1785409800.2154777,False,True,1,0,False
1784849457.3002179,20,1785409931.435217,37.489127946898606,0.6311001754787519,36.981765468833444,True,37.5,36.5,38.6,0.95,0.05,0.0,0.7,0.03,2,1785409941.4626157,False,True,True,False,1785409800.2154777,False,True,1,0,False
1784849457.3002179,20,1785409951.4414625,37.507820248722055,0.6311001754787519,36.97909514000152,True,37.5,36.5,38.6,0.95,0.05,0.0,0.7,0.03,2,1785409961.4687908,False,False,True,False,1785409800.2154777,False,1,0,0,False
1784849457.3002179,20,1785409971.4477966,37.52384222171359,0.6311573968108644,36.99511711299306,True,37.5,36.5,38.6,0.95,0.05,0.0,0.7,0.03,2,1785409981.474664,False,True,True,True,1785409980.215495,False,1,0,0,False
1784849457.3002179,20,1785409991.4539914,37.49980926222629,0.6305661097123675,37.011139085984595,True,37.5,36.5,38.6,0.95,0.05,0.0,0.7,0.03,2,1785410001.4813464,False,True,True,False,1785409980.215495,False,True,1,0,False
1784849457.3002179,20,1785410011.4601727,37.48645761806668,0.6308903639276723,36.98443579766537,True,37.5,36.5,38.6,0.95,0.05,0.0,0.7,0.03,2,1785410021.4874673,False,True,True,False,1785409980.215495,False,True,1,0,False
1784849457.3002179,20,1785410031.4666617,37.49446860456244,0.630642404821851,37.005798428320745,True,37.5,36.5,38.6,0.95,0.05,0.0,0.7,0.03,2,1785410041.4952335,False,True,True,False,1785409980.215495,False,True,1,0,False
1784849457.3002179,20,1785410051.4739432,37.507820248722055,0.6312146181429771,36.981765468833444,True,37.5,36.5,38.6,0.95,0.05,0.0,0.7,0.03,2,1785410061.5038376,False,True,True,False,1785409980.215495,False,1,0,0,False
1784849457.3002179,20,1785410071.4807153,37.51850156404974,0.6306614785992218,37.01915007248036,True,37.5,36.5,38.6,0.95,0.05,0.0,0.7,0.03,2,1785410081.509261,False,True,True,False,1785409980.215495,False,1,0,0,False
1784849457.3002179,20,1785410091.487008,37.507820248722055,0.6307949950408179,37.01915007248036,True,37.5,36.5,38.6,0.95,0.05,0.0,0.7,0.03,2,1785410101.5143514,False,True,True,False,1785409980.215495,False,1,0,0,False
1784849457.3002179,20,1785410111.4933097,37.48645761806668,0.6308903639276723,37.024490730144194,True,37.5,36.5,38.6,0.95,0.05,0.0,0.7,0.03,2,1785410121.5226836,False,True,True,False,1785409980.215495,False,True,1,0,False
1784849457.3002179,20,1785410131.4995587,37.483787289234755,0.6307568474860762,37.03517204547188,True,37.5,36.5,38.6,0.95,0.05,0.0,0.7,0.03,2,1785410141.5269003,False,True,True,False,1785409980.215495,False,True,1,0,False
1784849457.3002179,20,1785410151.505816,37.481116960402844,0.6307186999313344,37.00045777065691,True,37.5,36.5,38.6,0.95,0.05,0.0,0.7,0.03,2,1785410161.533134,False,True,True,True,1785410160.215507,False,True,1,0,False
1784849457.3002179,20,1785410171.5120335,37.49713893339437,0.6311192492561227,37.02182040131228,True,37.5,36.5,38.6,0.95,0.05,0.0,0.7,0.03,2,1785410181.5393963,False,True,True,False,1785410160.215507,False,True,1,0,False
1784849457.3002179,20,1785410191.5183153,37.47310597390707,0.6309094377050432,37.00045777065691,True,37.5,36.5,38.6,0.95,0.05,0.0,0.7,0.03,2,1785410201.5455015,False,False,True,False,1785410160.215507,False,True,1,0,False
1784849457.3002179,20,1785410211.5245645,37.481116960402844,0.6309666590371558,37.005798428320745,True,37.5,36.5,38.6,0.95,0.05,0.0,0.7,0.03,2,1785410221.5514963,False,False,True,False,1785410160.215507,False,True,1,0,False
1784849457.3002179,20,1785410231.5308635,37.49980926222629,0.6313290608072023,37.02716105897612,True,37.5,36.5,38.6,0.95,0.05,0.0,0.7,0.03,2,1785410241.5577643,False,True,True,False,1785410160.215507,False,True,1,0,False
1784849457.3002179,20,1785410251.5370083,37.53452353704128,0.6308903639276723,37.029831387808045,True,37.5,36.5,38.6,0.95,0.05,0.0,0.7,0.03,2,1785410261.5643008,False,True,True,False,1785410160.215507,False,1,0,0,False
1784849457.3002179,20,1785410271.5433335,37.52918287937743,0.6308712901503014,37.029831387808045,True,37.5,36.5,38.6,0.95,0.05,0.0,0.7,0.03,2,1785410281.57062,False,True,True,False,1785410160.215507,False,1,0,0,False
1784849457.3002179,20,1785410291.5495512,37.52384222171359,0.6310048065918974,37.04051270313573,True,37.5,36.5,38.6,0.95,0.05,0.0,0.7,0.03,2,1785410301.576856,False,True,True,False,1785410160.215507,False,1,0,0,False
1784849457.3002179,20,1785410311.5557897,37.507820248722055,0.6308331425955597,37.05653467612726,True,37.5,36.5,38.6,0.95,0.05,0.0,0.7,0.03,2,1785410321.5830083,False,True,True,False,1785410160.215507,False,1,0,0,False
1784849457.3002179,20,1785410331.5619824,37.49980926222629,0.6306996261539635,37.029831387808045,True,37.5,36.5,38.6,0.95,0.05,0.0,0.7,0.03,2,1785410341.5893335,False,False,True,True,1785410340.215554,False,True,1,0,False
1784849457.3002179,20,1785410351.5698156,37.465094987411305,0.6309666590371558,37.005798428320745,True,37.5,36.5,38.6,0.95,0.05,0.0,0.7,0.03,2,1785410361.5989957,False,True,True,False,1785410340.215554,False,True,1,0,False
1784849457.3002179,20,1785410371.578673,37.465094987411305,0.6306805523765927,37.00045777065691,True,37.5,36.5,38.6,0.95,0.05,0.0,0.7,0.03,2,1785410381.6085188,False,True,True,False,1785410340.215554,False,True,1,0,False
1784849457.3002179,20,1785410391.5873718,37.45708400091554,0.630642404821851,36.97909514000152,True,37.5,36.5,38.6,0.95,0.05,0.0,0.7,0.03,2,1785410401.6174314,False,True,True,False,1785410340.215554,False,True,1,0,False
1784849457.3002179,20,1785410411.596557,37.44907301441978,0.6304135194934005,37.00045777065691,True,37.5,36.5,38.6,0.95,0.05,0.0,0.7,0.03,2,1785410421.6262126,False,True,True,False,1785410340.215554,False,True,1,0,False
1784849457.3002179,20,1785410431.6048088,37.46242465857938,0.6311764705882353,37.01647974364843,True,37.5,36.5,38.6,0.95,0.05,0.0,0.7,0.03,2,1785410441.6320944,False,False,True,False,1785410340.215554,False,True,1,0,False
1784849457.3002179,20,1785410451.611081,37.48645761806668,0.6308903639276723,37.03517204547188,True,37.5,36.5,38.6,0.95,0.05,0.0,0.7,0.03,2,1785410461.6390085,False,True,True,False,1785410340.215554,False,True,1,0,False
1784849457.3002179,20,1785410471.617508,37.507820248722055,0.6311764705882353,37.04051270313573,True,37.5,36.5,38.6,0.95,0.05,0.0,0.7,0.03,2,1785410481.6456122,False,True,True,False,1785410340.215554,False,1,0,0,False
1784849457.3002179,20,1785410491.6238768,37.513160906385906,0.6311764705882353,37.05653467612726,True,37.5,36.5,38.6,0.95,0.05,0.0,0.7,0.03,2,1785410501.6511214,False,True,True,False,1785410340.215554,False,1,0,0,False
1784849457.3002179,20,1785410511.6301355,37.53452353704128,0.6311383230334936,37.04051270313573,True,37.5,36.5,38.6,0.95,0.05,0.0,0.7,0.03,2,1785410521.6572998,False,True,True,True,1785410520.2155862,False,1,0,0,False
1784849457.3002179,20,1785410531.6363468,37.53719386587319,0.6310620279240101,37.029831387808045,True,37.5,36.5,38.6,0.95,0.05,0.0,0.7,0.03,2,1785410541.6636055,False,False,True,False,1785410520.2155862,False,1,0,0,False
1784849457.3002179,20,1785410551.6426332,37.52384222171359,0.6308712901503014,37.02716105897612,True,37.5,36.5,38.6,0.95,0.05,0.0,0.7,0.03,2,1785410561.6700902,False,True,True,False,1785410520.2155862,False,1,0,0,False
1784849457.3002179,20,1785410571.6489675,37.50247959105822,0.6307949950408179,36.989776455329206,True,37.5,36.5,38.6,0.95,0.05,0.0,0.7,0.03,2,1785410581.6769655,False,True,True,False,1785410520.2155862,False,1,0,0,False
1784849457.3002179,20,1785410591.655192,37.489127946898606,0.6305851834897384,37.00045777065691,True,37.5,36.5,38.6,0.95,0.05,0.0,0.7,0.03,2,1785410601.682717,False,True,True,False,1785410520.2155862,False,True,1,0,False
1784849457.3002179,20,1785410611.662136,37.45975432974747,0.6308903639276723,36.957732509346144,True,37.5,36.5,38.6,0.95,0.05,0.0,0.7,0.03,2,1785410621.6913943,False,False,True,False,1785410520.2155862,False,True,1,0,False
1784849457.3002179,20,1785410631.6708548,37.45174334325169,0.6305661097123675,36.97909514000152,True,37.5,36.5,38.6,0.95,0.05,0.0,0.7,0.03,2,1785410641.7064207,False,True,True,False,1785410520.2155862,False,True,1,0,False
1784849457.3002179,20,1785410651.6784146,37.44373235675593,0.6309094377050432,36.987106126497295,True,37.5,36.5,38.6,0.95,0.05,0.0,0.7,0.03,2,1785410661.7055311,False,True,True,False,1785410520.2155862,False,True,1,0,False
1784849457.3002179,20,1785410671.6845398,37.465094987411305,0.6306614785992218,37.029831387808045,True,37.5,36.5,38.6,0.95,0.05,0.0,0.7,0.03,2,1785410681.7117822,False,True,True,False,1785410520.2155862,False,True,1,0,False
1784849457.3002179,20,1785410691.6907094,37.48645761806668,0.6307568474860762,37.00312809948882,True,37.5,36.5,38.6,0.95,0.05,0.0,0.7,0.03,2,1785410701.719375,False,True,True,True,1785410700.2156184,False,True,1,0,False
1784849457.3002179,20,1785410711.6969426,37.49713893339437,0.6306996261539635,37.00312809948882,True,37.5,36.5,38.6,0.95,0.05,0.0,0.7,0.03,2,1785410721.7274895,False,True,True,False,1785410700.2156184,False,True,1,0,False
1784849457.3002179,20,1785410731.7042685,37.52117189288167,0.6309285114824139,37.01915007248036,True,37.5,36.5,38.6,0.95,0.05,0.0,0.7,0.03,2,1785410741.7338488,False,False,True,False,1785410700.2156184,False,1,0,0,False
1784849457.3002179,20,1785410751.7142835,37.513160906385906,0.6308522163729304,37.01647974364843,True,37.5,36.5,38.6,0.95,0.05,0.0,0.7,0.03,2,1785410761.744059,False,True,True,False,1785410700.2156184,False,1,0,0,False
1784849457.3002179,20,1785410771.7217772,37.507820248722055,0.6308522163729304,37.04318303196766,True,37.5,36.5,38.6,0.95,0.05,0.0,0.7,0.03,2,1785410781.7501981,False,True,True,False,1785410700.2156184,False,1,0,0,False
1784849457.3002179,20,1785410791.7281456,37.526512550545505,0.6305279621576257,37.00045777065691,True,37.5,36.5,38.6,0.95,0.05,0.0,0.7,0.03,2,1785410801.7554228,False,False,True,False,1785410700.2156184,False,1,0,0,False
1784849457.3002179,20,1785410811.734464,37.49713893339437,0.6308712901503014,37.005798428320745,True,37.5,36.5,38.6,0.95,0.05,0.0,0.7,0.03,2,1785410821.76347,False,False,True,False,1785410700.2156184,False,True,1,0,False
1784849457.3002179,20,1785410831.7408192,37.50514991989013,0.6306614785992218,36.98443579766537,True,37.5,36.5,38.6,0.95,0.05,0.0,0.7,0.03,2,1785410841.769342,False,True,True,False,1785410700.2156184,False,1,0,0,False
1784849457.3002179,20,1785410851.7470677,37.45975432974747,0.6306805523765927,36.987106126497295,True,37.5,36.5,38.6,0.95,0.05,0.0,0.7,0.03,2,1785410861.7743673,False,True,True,False,1785410700.2156184,False,True,1,0,False
1784849457.3002179,20,1785410871.7532845,37.44373235675593,0.6309857328145266,36.97108415350576,True,37.5,36.5,38.6,0.95,0.05,0.0,0.7,0.03,2,1785410881.7806168,False,False,True,True,1785410880.215625,False,True,1,0,False
1784849457.3002179,20,1785410891.7595751,37.44373235675593,0.6307186999313344,36.96574349584192,True,37.5,36.5,38.6,0.95,0.05,0.0,0.7,0.03,2,1785410901.7864628,False,True,True,False,1785410880.215625,False,True,1,0,False
1784849457.3002179,20,1785410911.7656648,37.470435645075156,0.630775921263447,36.97642481116961,True,37.5,36.5,38.6,0.95,0.05,0.0,0.7,0.03,2,1785410921.7929237,False,False,True,False,1785410880.215625,False,True,1,0,False
1784849457.3002179,20,1785410931.7719102,37.47310597390707,0.6307377737087053,36.99244678416113,True,37.5,36.5,38.6,0.95,0.05,0.0,0.7,0.03,2,1785410941.7991884,False,True,True,False,1785410880.215625,False,True,1,0,False
1784849457.3002179,20,1785410951.7781525,37.47577630273899,0.6304516670481423,37.00045777065691,True,37.5,36.5,38.6,0.95,0.05,0.0,0.7,0.03,2,1785410961.8053436,False,True,True,False,1785410880.215625,False,True,1,0,False
1784849457.3002179,20,1785410971.7843163,37.49713893339437,0.6305661097123675,37.04318303196766,True,37.5,36.5,38.6,0.95,0.05,0.0,0.7,0.03,2,1785410981.8115566,False,False,True,False,1785410880.215625,False,True,1,0,False
1784849457.3002179,20,1785410991.790554,37.526512550545505,0.6308712901503014,37.02716105897612,True,37.5,36.5,38.6,0.95,0.05,0.0,0.7,0.03,2,1785411001.817782,False,True,True,False,1785410880.215625,False,1,0,0,False
1784849457.3002179,20,1785411011.7967474,37.56122682536049,0.6308522163729304,37.04318303196766,True,37.5,36.5,38.6,0.95,0.05,0.0,0.7,0.03,2,1785411021.824016,False,True,True,False,1785410880.215625,False,1,0,0,False
1784849457.3002179,20,1785411031.803044,37.55321583886473,0.6305851834897384,37.01647974364843,True,37.5,36.5,38.6,0.95,0.05,0.0,0.7,0.03,2,1785411041.8303015,False,True,True,False,1785410880.215625,False,1,0,0,False
1784849457.3002179,20,1785411051.8092642,37.52384222171359,0.6306996261539635,37.029831387808045,True,37.5,36.5,38.6,0.95,0.05,0.0,0.7,0.03,2,1785411061.836201,False,False,True,True,1785411060.2156587,False,1,0,0,False
1784849457.3002179,20,1785411071.815554,37.49713893339437,0.630489814602884,37.00312809948882,True,37.5,36.5,38.6,0.95,0.05,0.0,0.7,0.03,2,1785411081.8424704,False,True,True,False,1785411060.2156587,False,True,1,0,False
1784849457.3002179,20,1785411091.821676,37.465094987411305,0.6309285114824139,37.00846875715267,True,37.5,36.5,38.6,0.95,0.05,0.0,0.7,0.03,2,1785411101.848914,False,True,True,False,1785411060.2156587,False,True,1,0,False
1784849457.3002179,20,1785411111.827946,37.47577630273899,0.6309094377050432,37.01380941481651,True,37.5,36.5,38.6,0.95,0.05,0.0,0.7,0.03,2,1785411121.8555102,False,True,True,False,1785411060.2156587,False,True,1,0,False
1784849457.3002179,20,1785411131.8342752,37.49980926222629,0.630775921263447,37.01380941481651,True,37.5,36.5,38.6,0.95,0.05,0.0,0.7,0.03,2,1785411141.8645124,False,False,True,False,1785411060.2156587,False,True,1,0,False
1784849457.3002179,20,1785411151.840631,37.48645761806668,0.6307186999313344,37.00045777065691,True,37.5,36.5,38.6,0.95,0.05,0.0,0.7,0.03,2,1785411161.8674057,False,True,True,False,1785411060.2156587,False,True,1,0,False
1784849457.3002179,20,1785411171.846874,37.481116960402844,0.63062333104448,37.01647974364843,True,37.5,36.5,38.6,0.95,0.05,0.0,0.7,0.03,2,1785411181.8741384,False,False,True,False,1785411060.2156587,False,True,1,0,False
1784849457.3002179,20,1785411191.8541415,37.46776531624323,0.6308140688181888,37.04318303196766,True,37.5,36.5,38.6,0.95,0.05,0.0,0.7,0.03,2,1785411201.8853898,False,False,True,False,1785411060.2156587,False,True,1,0,False
1784849457.3002179,20,1785411211.8622694,37.513160906385906,0.6307568474860762,37.02716105897612,True,37.5,36.5,38.6,0.95,0.05,0.0,0.7,0.03,2,1785411221.8894944,False,False,True,False,1785411060.2156587,False,1,0,0,False
1784849457.3002179,20,1785411231.8684335,37.53719386587319,0.6307568474860762,37.06454566262303,True,37.5,36.5,38.6,0.95,0.05,0.0,0.7,0.03,2,1785411241.8956943,False,True,True,True,1785411240.2156844,False,1,0,0,False
1784849457.3002179,20,1785411251.875868,37.52384222171359,0.6309094377050432,37.05653467612726,True,37.5,36.5,38.6,0.95,0.05,0.0,0.7,0.03,2,1785411261.9059892,False,True,True,False,1785411240.2156844,False,1,0,0,False
1784849457.3002179,20,1785411271.8852725,37.50247959105822,0.6305470359349965,37.04051270313573,True,37.5,36.5,38.6,0.95,0.05,0.0,0.7,0.03,2,1785411281.9147286,False,True,True,False,1785411240.2156844,False,1,0,0,False
1784849457.3002179,20,1785411291.893136,37.49713893339437,0.630489814602884,37.01915007248036,True,37.5,36.5,38.6,0.95,0.05,0.0,0.7,0.03,2,1785411301.9207113,False,True,True,False,1785411240.2156844,False,True,1,0,False
1784849457.3002179,20,1785411311.8996437,37.470435645075156,0.6305661097123675,37.00312809948882,True,37.5,36.5,38.6,0.95,0.05,0.0,0.7,0.03,2,1785411321.9265237,False,True,True,False,1785411240.2156844,False,True,1,0,False
1784849457.3002179,20,1785411331.9060667,37.46242465857938,0.6305088883802549,37.00312809948882,True,37.5,36.5,38.6,0.95,0.05,0.0,0.7,0.03,2,1785411341.9343946,False,True,True,False,1785411240.2156844,False,True,1,0,False
1784849457.3002179,20,1785411351.9122026,37.47577630273899,0.6305851834897384,36.97909514000152,True,37.5,36.5,38.6,0.95,0.05,0.0,0.7,0.03,2,1785411361.9395323,False,False,True,False,1785411240.2156844,False,True,1,0,False
1784849457.3002179,20,1785411371.918506,37.48645761806668,0.6309285114824139,37.02182040131228,True,37.5,36.5,38.6,0.95,0.05,0.0,0.7,0.03,2,1785411381.9457693,False,True,True,False,1785411240.2156844,False,True,1,0,False
1784849457.3002179,20,1785411391.9247384,37.49980926222629,0.6305661097123675,37.02716105897612,True,37.5,36.5,38.6,0.95,0.05,0.0,0.7,0.03,2,1785411401.952138,False,True,True,False,1785411240.2156844,False,True,1,0,False
1784849457.3002179,20,1785411411.9310794,37.49713893339437,0.63062333104448,37.02716105897612,True,37.5,36.5,38.6,0.95,0.05,0.0,0.7,0.03,2,1785411421.9585993,False,True,True,True,1785411420.2157207,False,True,1,0,False
1784849457.3002179,20,1785411431.9372737,37.51049057755398,0.630470740825513,37.03784237430381,True,37.5,36.5,38.6,0.95,0.05,0.0,0.7,0.03,2,1785411441.9652328,False,True,True,False,1785411420.2157207,False,1,0,0,False
1784849457.3002179,20,1785411451.9447067,37.51850156404974,0.6307568474860762,37.05653467612726,True,37.5,36.5,38.6,0.95,0.05,0.0,0.7,0.03,2,1785411461.9747221,False,False,True,False,1785411420.2157207,False,1,0,0,False
1784849457.3002179,20,1785411471.9523203,37.53452353704128,0.6306614785992218,37.06187533379111,True,37.5,36.5,38.6,0.95,0.05,0.0,0.7,0.03,2,1785411481.9795833,False,True,True,False,1785411420.2157207,False,1,0,0,False
1784849457.3002179,20,1785411491.9585924,37.53452353704128,0.6305851834897384,37.04585336079957,True,37.5,36.5,38.6,0.95,0.05,0.0,0.7,0.03,2,1785411501.991192,False,True,True,False,1785411420.2157207,False,1,0,0,False
1784849457.3002179,20,1785411511.9649847,37.52384222171359,0.6304325932707714,37.05653467612726,True,37.5,36.5,38.6,0.95,0.05,0.0,0.7,0.03,2,1785411521.9922767,False,True,True,False,1785411420.2157207,False,1,0,0,False
1784849457.3002179,20,1785411531.9712648,37.52117189288167,0.6304135194934005,37.024490730144194,True,37.5,36.5,38.6,0.95,0.05,0.0,0.7,0.03,2,1785411541.998528,False,True,True,False,1785411420.2157207,False,1,0,0,False
1784849457.3002179,20,1785411551.9774828,37.470435645075156,0.6304325932707714,36.99511711299306,True,37.5,36.5,38.6,0.95,0.05,0.0,0.7,0.03,2,1785411562.004554,False,True,True,False,1785411420.2157207,False,True,1,0,False
1784849457.3002179,20,1785411571.983659,37.465094987411305,0.6305470359349965,36.96841382467383,True,37.5,36.5,38.6,0.95,0.05,0.0,0.7,0.03,2,1785411582.010966,False,True,True,False,1785411420.2157207,False,True,1,0,False
1784849457.3002179,20,1785411591.9899194,37.446402685587856,0.6307186999313344,36.989776455329206,True,37.5,36.5,38.6,0.95,0.05,0.0,0.7,0.03,2,1785411602.0178077,False,True,True,True,1785411600.2161613,False,True,1,0,False
1784849457.3002179,20,1785411611.9974089,37.43305104142824,0.630489814602884,36.97909514000152,True,37.5,36.5,38.6,0.95,0.05,0.0,0.7,0.03,2,1785411622.027376,False,True,True,False,1785411600.2161613,False,True,1,0,False
1784849457.3002179,20,1785411632.0065744,37.46242465857938,0.6304135194934005,36.989776455329206,True,37.5,36.5,38.6,0.95,0.05,0.0,0.7,0.03,2,1785411642.036408,False,True,True,False,1785411600.2161613,False,True,1,0,False
1784849457.3002179,20,1785411652.0141237,37.465094987411305,0.6305470359349965,36.99244678416113,True,37.5,36.5,38.6,0.95,0.05,0.0,0.7,0.03,2,1785411662.0409064,False,True,True,False,1785411600.2161613,False,True,1,0,False
1784849457.3002179,20,1785411672.020422,37.48645761806668,0.6307186999313344,36.99244678416113,True,37.5,36.5,38.6,0.95,0.05,0.0,0.7,0.03,2,1785411682.0480456,False,True,True,False,1785411600.2161613,False,True,1,0,False
1784849457.3002179,20,1785411692.0267127,37.48645761806668,0.6305851834897384,37.01915007248036,True,37.5,36.5,38.6,0.95,0.05,0.0,0.7,0.03,2,1785411702.054147,False,False,True,False,1785411600.2161613,False,True,1,0,False
1784849457.3002179,20,1785411712.0329943,37.507820248722055,0.6305851834897384,37.05119401846342,True,37.5,36.5,38.6,0.95,0.05,0.0,0.7,0.03,2,1785411722.06058,False,True,True,False,1785411600.2161613,False,1,0,0,False
1784849457.3002179,20,1785411732.0394192,37.526512550545505,0.6303562981612879,37.03517204547188,True,37.5,36.5,38.6,0.95,0.05,0.0,0.7,0.03,2,1785411742.06683,False,True,True,False,1785411600.2161613,False,1,0,0,False
1784849457.3002179,20,1785411752.045632,37.52918287937743,0.6305851834897384,37.04318303196766,True,37.5,36.5,38.6,0.95,0.05,0.0,0.7,0.03,2,1785411762.0734313,False,True,True,False,1785411600.2161613,False,1,0,0,False
1784849457.3002179,20,1785411772.0518277,37.53452353704128,0.6307949950408179,37.048523689631494,True,37.5,36.5,38.6,0.95,0.05,0.0,0.7,0.03,2,1785411782.0790837,False,True,True,True,1785411780.2161908,False,1,0,0,False
1784849457.3002179,20,1785411792.0580745,37.50514991989013,0.6306042572671092,37.01647974364843,True,37.5,36.5,38.6,0.95,0.05,0.0,0.7,0.03,2,1785411802.0852726,False,False,True,False,1785411780.2161908,False,1,0,0,False
1784849457.3002179,20,1785411812.0642302,37.49713893339437,0.6306614785992218,37.01647974364843,True,37.5,36.5,38.6,0.95,0.05,0.0,0.7,0.03,2,1785411822.0910668,False,True,True,False,1785411780.2161908,False,True,1,0,False
1784849457.3002179,20,1785411832.0705142,37.46242465857938,0.6305851834897384,37.00045777065691,True,37.5,36.5,38.6,0.95,0.05,0.0,0.7,0.03,2,1785411842.097499,False,True,True,False,1785411780.2161908,False,True,1,0,False
1784849457.3002179,20,1785411852.0767531,37.465094987411305,0.6303562981612879,37.01380941481651,True,37.5,36.5,38.6,0.95,0.05,0.0,0.7,0.03,2,1785411862.1035702,False,True,True,False,1785411780.2161908,False,True,1,0,False
1784849457.3002179,20,1785411872.0829794,37.45975432974747,0.6302990768291753,37.00846875715267,True,37.5,36.5,38.6,0.95,0.05,0.0,0.7,0.03,2,1785411882.1101923,False,True,True,False,1785411780.2161908,False,True,1,0,False
1784849457.3002179,20,1785411892.0890925,37.470435645075156,0.630337224383917,37.029831387808045,True,37.5,36.5,38.6,0.95,0.05,0.0,0.7,0.03,2,1785411902.1163795,False,True,True,False,1785411780.2161908,False,True,1,0,False
1784849457.3002179,20,1785411912.0952985,37.481116960402844,0.6307568474860762,37.029831387808045,True,37.5,36.5,38.6,0.95,0.05,0.0,0.7,0.03,2,1785411922.1221552,False,True,True,False,1785411780.2161908,False,True,1,0,False
1784849457.3002179,20,1785411932.1014218,37.51583123521782,0.6304325932707714,37.04585336079957,True,37.5,36.5,38.6,0.95,0.05,0.0,0.7,0.03,2,1785411942.1286602,False,True,True,False,1785411780.2161908,False,1,0,0,False
1784849457.3002179,20,1785411952.1076288,37.49713893339437,0.6305661097123675,37.05920500495918,True,37.5,36.5,38.6,0.95,0.05,0.0,0.7,0.03,2,1785411962.1348572,False,True,True,True,1785411960.2162242,False,True,1,0,False
1784849457.3002179,20,1785411972.113776,37.53986419470512,0.6303944457160295,37.04318303196766,True,37.5,36.5,38.6,0.95,0.05,0.0,0.7,0.03,2,1785411982.1410089,False,False,True,False,1785411960.2162242,False,1,0,0,False
1784849457.3002179,20,1785411992.119953,37.574578469520105,0.630470740825513,37.053864347295345,True,37.5,36.5,38.6,0.95,0.05,0.0,0.7,0.03,2,1785412002.147158,False,True,True,False,1785411960.2162242,False,1,0,0,False
1784849457.3002179,20,1785412012.1261322,37.54520485236897,0.6302800030518044,37.06454566262303,True,37.5,36.5,38.6,0.95,0.05,0.0,0.7,0.03,2,1785412022.1549156,False,True,True,False,1785411960.2162242,False,1,0,0,False
1784849457.3002179,20,1785412032.1333847,37.54253452353704,0.6307949950408179,37.053864347295345,True,37.5,36.5,38.6,0.95,0.05,0.0,0.7,0.03,2,1785412042.16239,False,True,True,False,1785411960.2162242,False,1,0,0,False
1784849457.3002179,20,1785412052.142986,37.48645761806668,0.6303944457160295,37.024490730144194,True,37.5,36.5,38.6,0.95,0.05,0.0,0.7,0.03,2,1785412062.170948,False,True,True,False,1785411960.2162242,False,True,1,0,False
1784849457.3002179,20,1785412072.1503863,37.481116960402844,0.6305279621576257,37.01915007248036,True,37.5,36.5,38.6,0.95,0.05,0.0,0.7,0.03,2,1785412082.1777842,False,True,True,False,1785411960.2162242,False,True,1,0,False
1784849457.3002179,20,1785412092.156712,37.48645761806668,0.6302990768291753,37.024490730144194,True,37.5,36.5,38.6,0.95,0.05,0.0,0.7,0.03,2,1785412102.1842616,False,True,True,False,1785411960.2162242,False,True,1,0,False
1784849457.3002179,20,1785412112.1630542,37.45975432974747,0.6302609292744336,37.029831387808045,True,37.5,36.5,38.6,0.95,0.05,0.0,0.7,0.03,2,1785412122.1924295,False,True,True,False,1785411960.2162242,False,True,1,0,False
1784849457.3002179,20,1785412132.1692553,37.47310597390707,0.6307377737087053,37.04051270313573,True,37.5,36.5,38.6,0.95,0.05,0.0,0.7,0.03,2,1785412142.1983833,False,False,True,True,1785412140.2162325,False,True,1,0,False
1784849457.3002179,20,1785412152.175773,37.438391699092094,0.6303753719386588,37.04318303196766,True,37.5,36.5,38.6,0.95,0.05,0.0,0.7,0.03,2,1785412162.202975,False,True,True,False,1785412140.2162325,False,True,1,0,False
1784849457.3002179,20,1785412172.1821692,37.48645761806668,0.6301274128328375,37.053864347295345,True,37.5,36.5,38.6,0.95,0.05,0.0,0.7,0.03,2,1785412182.2093775,False,True,True,False,1785412140.2162325,False,True,1,0,False
1784849457.3002179,20,1785412192.1883872,37.526512550545505,0.6302990768291753,37.053864347295345,True,37.5,36.5,38.6,0.95,0.05,0.0,0.7,0.03,2,1785412202.215637,False,True,True,False,1785412140.2162325,False,1,0,0,False
1784849457.3002179,20,1785412212.194595,37.49713893339437,0.6303181506065461,37.06454566262303,True,37.5,36.5,38.6,0.95,0.05,0.0,0.7,0.03,2,1785412222.2214234,False,True,True,False,1785412140.2162325,False,True,1,0,False
1784849457.3002179,20,1785412232.2007854,37.526512550545505,0.6307377737087053,37.03784237430381,True,37.5,36.5,38.6,0.95,0.05,0.0,0.7,0.03,2,1785412242.2285273,False,True,True,False,1785412140.2162325,False,1,0,0,False
1784849457.3002179,20,1785412252.206997,37.51850156404974,0.6305279621576257,37.04585336079957,True,37.5,36.5,38.6,0.95,0.05,0.0,0.7,0.03,2,1785412262.2346978,False,True,True,False,1785412140.2162325,False,1,0,0,False
1784849457.3002179,20,1785412272.213226,37.507820248722055,0.630489814602884,37.029831387808045,True,37.5,36.5,38.6,0.95,0.05,0.0,0.7,0.03,2,1785412282.2404745,False,True,True,False,1785412140.2162325,False,1,0,0,False
1784849457.3002179,20,1785412292.2194211,37.470435645075156,0.6302800030518044,37.03517204547188,True,37.5,36.5,38.6,0.95,0.05,0.0,0.7,0.03,2,1785412302.2466028,False,False,True,False,1785412140.2162325,False,True,1,0,False
1784849457.3002179,20,1785412312.2255042,37.470435645075156,0.6300129701686121,37.01915007248036,True,37.5,36.5,38.6,0.95,0.05,0.0,0.7,0.03,2,1785412322.2527854,False,True,True,True,1785412320.2162595,False,True,1,0,False
1784849457.3002179,20,1785412332.2316673,37.46776531624323,0.630203707942321,37.01915007248036,True,37.5,36.5,38.6,0.95,0.05,0.0,0.7,0.03,2,1785412342.2588973,False,True,True,False,1785412320.2162595,False,True,1,0,False
1784849457.3002179,20,1785412352.237823,37.47577630273899,0.6304516670481423,37.02716105897612,True,37.5,36.5,38.6,0.95,0.05,0.0,0.7,0.03,2,1785412362.265068,False,True,True,False,1785412320.2162595,False,True,1,0,False
1784849457.3002179,20,1785412372.2441752,37.465094987411305,0.6301655603875791,37.011139085984595,True,37.5,36.5,38.6,0.95,0.05,0.0,0.7,0.03,2,1785412382.272392,False,False,True,False,1785412320.2162595,False,True,1,0,False
1784849457.3002179,20,1785412392.2519677,37.49446860456244,0.6303753719386588,37.02182040131228,True,37.5,36.5,38.6,0.95,0.05,0.0,0.7,0.03,2,1785412402.2819927,False,True,True,False,1785412320.2162595,False,True,1,0,False
1784849457.3002179,20,1785412412.2618194,37.50247959105822,0.6302418554970626,37.03784237430381,True,37.5,36.5,38.6,0.95,0.05,0.0,0.7,0.03,2,1785412422.2918196,False,False,True,False,1785412320.2162595,False,1,0,0,False
1784849457.3002179,20,1785412432.2710679,37.49446860456244,0.6301846341649501,37.048523689631494,True,37.5,36.5,38.6,0.95,0.05,0.0,0.7,0.03,2,1785412442.3005948,False,True,True,False,1785412320.2162595,False,True,1,0,False
1784849457.3002179,20,1785412452.2792373,37.52384222171359,0.6302800030518044,37.03517204547188,True,37.5,36.5,38.6,0.95,0.05,0.0,0.7,0.03,2,1785412462.306705,False,True,True,False,1785412320.2162595,False,1,0,0,False
1784849457.3002179,20,1785412472.2856205,37.49179827573053,0.6305470359349965,37.029831387808045,True,37.5,36.5,38.6,0.95,0.05,0.0,0.7,0.03,2,1785412482.3126884,False,False,True,False,1785412320.2162595,False,True,1,0,False
1784849457.3002179,20,1785412492.2918205,37.49179827573053,0.6302609292744336,37.03517204547188,True,37.5,36.5,38.6,0.95,0.05,0.0,0.7,0.03,2,1785412502.3244202,False,True,True,True,1785412500.216274,False,True,1,0,False
1784849457.3002179,20,1785412512.2981386,37.49179827573053,0.6301655603875791,37.03517204547188,True,37.5,36.5,38.6,0.95,0.05,0.0,0.7,0.03,2,1785412522.3279479,False,True,True,False,1785412500.216274,False,True,1,0,False
1784849457.3002179,20,1785412532.3044891,37.489127946898606,0.630203707942321,37.03517204547188,True,37.5,36.5,38.6,0.95,0.05,0.0,0.7,0.03,2,1785412542.3319216,False,True,True,False,1785412500.216274,False,True,1,0,False
1784849457.3002179,20,1785412552.3108912,37.48645761806668,0.630470740825513,37.02182040131228,True,37.5,36.5,38.6,0.95,0.05,0.0,0.7,0.03,2,1785412562.338439,False,False,True,False,1785412500.216274,False,True,1,0,False
1784849457.3002179,20,1785412572.317255,37.50247959105822,0.6303944457160295,37.04318303196766,True,37.5,36.5,38.6,0.95,0.05,0.0,0.7,0.03,2,1785412582.3442845,False,True,True,False,1785412500.216274,False,1,0,0,False
1784849457.3002179,20,1785412592.3235068,37.49980926222629,0.6301464866102083,37.02716105897612,True,37.5,36.5,38.6,0.95,0.05,0.0,0.7,0.03,2,1785412602.3508022,False,True,True,False,1785412500.216274,False,True,1,0,False
1784849457.3002179,20,1785412612.3297195,37.51850156404974,0.6299557488364995,37.05920500495918,True,37.5,36.5,38.6,0.95,0.05,0.0,0.7,0.03,2,1785412622.3571131,False,True,True,False,1785412500.216274,False,1,0,0,False
1784849457.3002179,20,1785412632.33601,37.53719386587319,0.6303753719386588,37.08056763561456,True,37.5,36.5,38.6,0.95,0.05,0.0,0.7,0.03,2,1785412642.3636844,False,True,True,False,1785412500.216274,False,1,0,0,False
1784849457.3002179,20,1785412652.3422358,37.52918287937743,0.6303181506065461,37.08323796444648,True,37.5,36.5,38.6,0.95,0.05,0.0,0.7,0.03,2,1785412662.3694875,False,True,True,False,1785412500.216274,False,1,0,0,False
1784849457.3002179,20,1785412672.3484335,37.550545510032805,0.6303181506065461,37.067215991454944,True,37.5,36.5,38.6,0.95,0.05,0.0,0.7,0.03,2,1785412682.3757005,False,True,True,True,1785412680.2162886,False,1,0,0,False
1784849457.3002179,20,1785412692.3557422,37.507820248722055,0.6300701915007249,37.04585336079957,True,37.5,36.5,38.6,0.95,0.05,0.0,0.7,0.03,2,1785412702.385629,False,True,True,False,1785412680.2162886,False,1,0,0,False
1784849457.3002179,20,1785412712.3648562,37.50247959105822,0.630203707942321,37.03517204547188,True,37.5,36.5,38.6,0.95,0.05,0.0,0.7,0.03,2,1785412722.3937097,False,True,True,False,1785412680.2162886,False,1,0,0,False
1784849457.3002179,20,1785412732.3740916,37.46242465857938,0.6302609292744336,37.01380941481651,True,37.5,36.5,38.6,0.95,0.05,0.0,0.7,0.03,2,1785412742.402637,False,False,True,False,1785412680.2162886,False,True,1,0,False
1784849457.3002179,20,1785412752.3828356,37.43305104142824,0.6301274128328375,36.989776455329206,True,37.5,36.5,38.6,0.95,0.05,0.0,0.7,0.03,2,1785412762.4120698,False,True,True,False,1785412680.2162886,False,True,1,0,False
1784849457.3002179,20,1785412772.3919048,37.41702906843672,0.6302609292744336,36.989776455329206,True,37.5,36.5,38.6,0.95,0.05,0.0,0.7,0.03,2,1785412782.42297,False,True,True,False,1785412680.2162886,False,True,1,0,False
1784849457.3002179,20,1785412792.4002404,37.47310597390707,0.6305279621576257,37.00045777065691,True,37.5,36.5,38.6,0.95,0.05,0.0,0.7,0.03,2,1785412802.4315312,False,True,True,False,1785412680.2162886,False,True,1,0,False
1784849457.3002179,20,1785412812.4068127,37.550545510032805,0.6302609292744336,37.091248950942244,True,37.5,36.5,38.6,0.95,0.05,0.0,0.7,0.03,2,1785412822.4339702,True,True,True,False,1785412680.2162886,False,1,0,0,False
1784849457.3002179,20,1785412832.4130907,37.55855649652857,0.6302418554970626,37.11795223926147,True,37.5,36.5,38.6,0.95,0.05,0.0,0.7,0.03,2,1785412842.440769,True,True,True,False,1785412680.2162886,False,1,0,0,False
1784849457.3002179,20,1785412852.4194334,37.598611429007406,0.6303181506065461,37.12596322575723,True,37.5,36.5,38.6,0.95,0.05,0.0,0.7,0.03,2,1785412862.4468396,True,True,True,True,1785412860.2163072,False,1,0,0,False
1784849457.3002179,20,1785412872.4256077,37.58793011367972,0.6302227817196918,37.158007171740294,True,37.5,36.5,38.6,0.95,0.05,0.0,0.7,0.03,2,1785412882.455646,True,True,True,False,1785412860.2163072,False,1,0,0,False
1784849457.3002179,20,1785412892.4320154,37.53986419470512,0.6305470359349965,37.14732585641261,True,37.5,36.5,38.6,0.95,0.05,0.0,0.7,0.03,2,1785412902.461526,True,False,True,False,1785412860.2163072,False,1,0,0,False
1784849457.3002179,20,1785412912.4385564,37.513160906385906,0.63062333104448,37.12596322575723,True,37.5,36.5,38.6,0.95,0.05,0.0,0.7,0.03,2,1785412922.4654384,True,True,True,False,1785412860.2163072,False,1,0,0,False
1784849457.3002179,20,1785412932.4446416,37.52117189288167,0.630051117723354,37.14732585641261,True,37.5,36.5,38.6,0.95,0.05,0.0,0.7,0.03,2,1785412942.4715858,True,False,True,False,1785412860.2163072,False,1,0,0,False
1784849457.3002179,20,1785412952.4506285,37.507820248722055,0.6302418554970626,37.11261158159762,True,37.5,36.5,38.6,0.95,0.05,0.0,0.7,0.03,2,1785412962.4773316,True,True,True,False,1785412860.2163072,False,1,0,0,False
1784849457.3002179,20,1785412972.4565125,37.49713893339437,0.630051117723354,37.091248950942244,True,37.5,36.5,38.6,0.95,0.05,0.0,0.7,0.03,2,1785412982.4832501,True,True,True,False,1785412860.2163072,False,True,1,0,False
1784849457.3002179,20,1785412992.4627278,37.49446860456244,0.630489814602884,37.08056763561456,True,37.5,36.5,38.6,0.95,0.05,0.0,0.7,0.03,2,1785413002.489415,True,True,True,False,1785412860.2163072,False,True,1,0,False
1784849457.3002179,20,1785413012.4687662,37.49713893339437,0.6300129701686121,37.08056763561456,True,37.5,36.5,38.6,0.95,0.05,0.0,0.7,0.03,2,1785413022.4959896,True,True,True,False,1785412860.2163072,False,True,1,0,False
1784849457.3002179,20,1785413032.4749043,37.46776531624323,0.6300892652780956,37.096589608606095,True,37.5,36.5,38.6,0.95,0.05,0.0,0.7,0.03,2,1785413042.5034425,True,True,True,True,1785413040.2163103,False,True,1,0,False
1784849457.3002179,20,1785413052.4810016,37.507820248722055,0.6301655603875791,37.13130388342107,True,37.5,36.5,38.6,0.95,0.05,0.0,0.7,0.03,2,1785413062.507759,True,True,True,False,1785413040.2163103,False,1,0,0,False
1784849457.3002179,20,1785413072.487219,37.513160906385906,0.6300129701686121,37.13130388342107,True,37.5,36.5,38.6,0.95,0.05,0.0,0.7,0.03,2,1785413082.5145354,True,True,True,False,1785413040.2163103,False,1,0,0,False
1784849457.3002179,20,1785413092.4934769,37.507820248722055,0.6300320439459831,37.12596322575723,True,37.5,36.5,38.6,0.95,0.05,0.0,0.7,0.03,2,1785413102.5207217,True,True,True,False,1785413040.2163103,False,1,0,0,False
1784849457.3002179,20,1785413112.5004363,37.555886167696656,0.6304135194934005,37.14732585641261,True,37.5,36.5,38.6,0.95,0.05,0.0,0.7,0.03,2,1785413122.5283518,True,True,True,False,1785413040.2163103,False,1,0,0,False
1784849457.3002179,20,1785413132.5075169,37.52117189288167,0.630203707942321,37.13130388342107,True,37.5,36.5,38.6,0.95,0.05,0.0,0.7,0.03,2,1785413142.5340395,True,True,True,False,1785413040.2163103,False,1,0,0,False
1784849457.3002179,20,1785413152.5136507,37.507820248722055,0.6299366750591286,37.12863355458916,True,37.5,36.5,38.6,0.95,0.05,0.0,0.7,0.03,2,1785413162.540248,True,True,True,False,1785413040.2163103,False,1,0,0,False
1784849457.3002179,20,1785413172.5196447,37.48645761806668,0.6299938963912414,37.12329289692531,True,37.5,36.5,38.6,0.95,0.05,0.0,0.7,0.03,2,1785413182.546763,True,True,True,False,1785413040.2163103,False,True,1,0,False
1784849457.3002179,20,1785413192.5256598,37.489127946898606,0.6301655603875791,37.096589608606095,True,37.5,36.5,38.6,0.95,0.05,0.0,0.7,0.03,2,1785413202.552864,True,True,True,False,1785413040.2163103,False,True,1,0,False
1784849457.3002179,20,1785413212.531795,37.43305104142824,0.6299557488364995,37.06454566262303,True,37.5,36.5,38.6,0.95,0.05,0.0,0.7,0.03,2,1785413222.5590189,True,True,True,True,1785413220.2163255,False,True,1,0,False
1784849457.3002179,20,1785413232.5378797,37.45708400091554,0.6301274128328375,37.08056763561456,True,37.5,36.5,38.6,0.95,0.05,0.0,0.7,0.03,2,1785413242.565304,True,True,True,False,1785413220.2163255,False,True,1,0,False
1784849457.3002179,20,1785413252.5444744,37.481116960402844,0.6299176012817579,37.08323796444648,True,37.5,36.5,38.6,0.95,0.05,0.0,0.7,0.03,2,1785413262.5718515,True,True,True,False,1785413220.2163255,False,True,1,0,False
1784849457.3002179,20,1785413272.552204,37.49179827573053,0.630051117723354,37.08323796444648,True,37.5,36.5,38.6,0.95,0.05,0.0,0.7,0.03,2,1785413282.579786,True,True,True,False,1785413220.2163255,False,True,1,0,False
1784849457.3002179,20,1785413292.5586176,37.481116960402844,0.6300701915007249,37.09391927977417,True,37.5,36.5,38.6,0.95,0.05,0.0,0.7,0.03,2,1785413302.5853403,True,True,True,False,1785413220.2163255,False,True,1,0,False
1784849457.3002179,20,1785413312.5646603,37.507820248722055,0.630203707942321,37.109941252765694,True,37.5,36.5,38.6,0.95,0.05,0.0,0.7,0.03,2,1785413322.59161,True,True,True,False,1785413220.2163255,False,1,0,0,False
1784849457.3002179,20,1785413332.5709283,37.569237811856254,0.6302609292744336,37.13664454108492,True,37.5,36.5,38.6,0.95,0.05,0.0,0.7,0.03,2,1785413342.5981283,True,True,True,False,1785413220.2163255,False,1,0,0,False
1784849457.3002179,20,1785413352.5770772,37.550545510032805,0.6300129701686121,37.139314869916845,True,37.5,36.5,38.6,0.95,0.05,0.0,0.7,0.03,2,1785413362.604193,True,True,True,False,1785413220.2163255,False,1,0,0,False
1784849457.3002179,20,1785413372.5832691,37.53986419470512,0.6302418554970626,37.12329289692531,True,37.5,36.5,38.6,0.95,0.05,0.0,0.7,0.03,2,1785413382.6104696,True,True,True,False,1785413220.2163255,False,1,0,0,False
1784849457.3002179,20,1785413392.58927,37.526512550545505,0.6301083390554666,37.10727092393378,True,37.5,36.5,38.6,0.95,0.05,0.0,0.7,0.03,2,1785413402.6170208,True,True,True,True,1785413400.2163537,False,1,0,0,False
1784849457.3002179,20,1785413412.595325,37.48645761806668,0.6302990768291753,37.10727092393378,True,37.5,36.5,38.6,0.95,0.05,0.0,0.7,0.03,2,1785413422.6224184,True,True,True,False,1785413400.2163537,False,True,1,0,False
1784849457.3002179,20,1785413432.6012187,37.46242465857938,0.630051117723354,37.06454566262303,True,37.5,36.5,38.6,0.95,0.05,0.0,0.7,0.03,2,1785413442.6283,True,True,True,False,1785413400.2163537,False,True,1,0,False
1784849457.3002179,20,1785413452.607262,37.45975432974747,0.6302800030518044,37.05653467612726,True,37.5,36.5,38.6,0.95,0.05,0.0,0.7,0.03,2,1785413462.6345382,True,True,True,False,1785413400.2163537,False,True,1,0,False
1784849457.3002179,20,1785413472.6135783,37.45975432974747,0.630203707942321,37.05653467612726,True,37.5,36.5,38.6,0.95,0.05,0.0,0.7,0.03,2,1785413482.642164,True,True,True,False,1785413400.2163537,False,True,1,0,False
1784849457.3002179,20,1785413492.6198566,37.45975432974747,0.6299176012817579,37.05653467612726,True,37.5,36.5,38.6,0.95,0.05,0.0,0.7,0.03,2,1785413502.6464734,True,True,True,False,1785413400.2163537,False,True,1,0,False
1784849457.3002179,20,1785413512.626024,37.507820248722055,0.6299557488364995,37.09391927977417,True,37.5,36.5,38.6,0.95,0.05,0.0,0.7,0.03,2,1785413522.6526985,True,True,True,False,1785413400.2163537,False,1,0,0,False
1784849457.3002179,20,1785413532.6321878,37.526512550545505,0.630051117723354,37.109941252765694,True,37.5,36.5,38.6,0.95,0.05,0.0,0.7,0.03,2,1785413542.6595104,True,True,True,False,1785413400.2163537,False,1,0,0,False
1784849457.3002179,20,1785413552.6385055,37.53452353704128,0.6302609292744336,37.10193026626993,True,37.5,36.5,38.6,0.95,0.05,0.0,0.7,0.03,2,1785413562.6656573,True,True,True,False,1785413400.2163537,False,1,0,0,False
1784849457.3002179,20,1785413572.6446157,37.507820248722055,0.629879453727016,37.10727092393378,True,37.5,36.5,38.6,0.95,0.05,0.0,0.7,0.03,2,1785413582.6718829,True,True,True,True,1785413580.2163587,False,1,0,0,False
1784849457.3002179,20,1785413592.6508143,37.49980926222629,0.6298031586175326,37.091248950942244,True,37.5,36.5,38.6,0.95,0.05,0.0,0.7,0.03,2,1785413602.6774256,True,True,True,False,1785413580.2163587,False,True,1,0,False
1784849457.3002179,20,1785413612.6569269,37.48645761806668,0.6300892652780956,37.091248950942244,True,37.5,36.5,38.6,0.95,0.05,0.0,0.7,0.03,2,1785413622.6842933,True,True,True,False,1785413580.2163587,False,True,1,0,False
1784849457.3002179,20,1785413632.663074,37.483787289234755,0.6297077897306782,37.096589608606095,True,37.5,36.5,38.6,0.95,0.05,0.0,0.7,0.03,2,1785413642.690405,True,True,True,False,1785413580.2163587,False,True,1,0,False
1784849457.3002179,20,1785413652.6691747,37.507820248722055,0.6301655603875791,37.109941252765694,True,37.5,36.5,38.6,0.95,0.05,0.0,0.7,0.03,2,1785413662.6959085,True,True,True,False,1785413580.2163587,False,1,0,0,False
1784849457.3002179,20,1785413672.6753733,37.49179827573053,0.6297268635080491,37.09391927977417,True,37.5,36.5,38.6,0.95,0.05,0.0,0.7,0.03,2,1785413682.7026966,True,True,True,False,1785413580.2163587,False,True,1,0,False
1784849457.3002179,20,1785413692.6816254,37.507820248722055,0.6301274128328375,37.10460059510186,True,37.5,36.5,38.6,0.95,0.05,0.0,0.7,0.03,2,1785413702.7084708,True,True,True,False,1785413580.2163587,False,1,0,0,False
1784849457.3002179,20,1785413712.6878273,37.507820248722055,0.6300892652780956,37.12062256809338,True,37.5,36.5,38.6,0.95,0.05,0.0,0.7,0.03,2,1785413722.715004,True,True,True,False,1785413580.2163587,False,1,0,0,False
1784849457.3002179,20,1785413732.6939354,37.489127946898606,0.6301655603875791,37.109941252765694,True,37.5,36.5,38.6,0.95,0.05,0.0,0.7,0.03,2,1785413742.7210114,True,True,True,False,1785413580.2163587,False,True,1,0,False
1784849457.3002179,20,1785413752.699948,37.45441367208362,0.6297840848401617,37.096589608606095,True,37.5,36.5,38.6,0.95,0.05,0.0,0.7,0.03,2,1785413762.7267761,True,True,True,True,1785413760.2163615,False,True,1,0,False
1784849457.3002179,20,1785413772.7060494,37.47577630273899,0.6296505683985656,37.06454566262303,True,37.5,36.5,38.6,0.95,0.05,0.0,0.7,0.03,2,1785413782.7332284,True,True,True,False,1785413760.2163615,False,True,1,0,False
1784849457.3002179,20,1785413792.712162,37.489127946898606,0.6299938963912414,37.10193026626993,True,37.5,36.5,38.6,0.95,0.05,0.0,0.7,0.03,2,1785413802.7394586,True,True,True,False,1785413760.2163615,False,True,1,0,False
1784849457.3002179,20,1785413812.7183712,37.49179827573053,0.6300320439459831,37.10727092393378,True,37.5,36.5,38.6,0.95,0.05,0.0,0.7,0.03,2,1785413822.745128,True,True,True,False,1785413760.2163615,False,True,1,0,False
1784849457.3002179,20,1785413832.7244837,37.51049057755398,0.6298603799496452,37.06988632028687,True,37.5,36.5,38.6,0.95,0.05,0.0,0.7,0.03,2,1785413842.7527075,True,True,True,False,1785413760.2163615,False,1,0,0,False
1784849457.3002179,20,1785413852.73063,37.507820248722055,0.6298222323949035,37.10460059510186,True,37.5,36.5,38.6,0.95,0.05,0.0,0.7,0.03,2,1785413862.757857,True,True,True,False,1785413760.2163615,False,1,0,0,False
1784849457.3002179,20,1785413872.7367628,37.507820248722055,0.6298222323949035,37.109941252765694,True,37.5,36.5,38.6,0.95,0.05,0.0,0.7,0.03,2,1785413882.7638597,True,True,True,False,1785413760.2163615,False,1,0,0,False
1784849457.3002179,20,1785413892.7427785,37.48645761806668,0.6300320439459831,37.05653467612726,True,37.5,36.5,38.6,0.95,0.05,0.0,0.7,0.03,2,1785413902.7695348,True,True,True,False,1785413760.2163615,False,True,1,0,False
1784849457.3002179,20,1785413912.7487526,37.470435645075156,0.6300701915007249,37.09391927977417,True,37.5,36.5,38.6,0.95,0.05,0.0,0.7,0.03,2,1785413922.7760797,True,False,True,False,1785413760.2163615,False,True,1,0,False
1784849457.3002179,20,1785413932.7548773,37.47310597390707,0.629898527504387,37.05653467612726,True,37.5,36.5,38.6,0.95,0.05,0.0,0.7,0.03,2,1785413942.781518,True,True,True,True,1785413940.2163653,False,True,1,0,False
1784849457.3002179,20,1785413952.760891,37.470435645075156,0.629898527504387,37.08056763561456,True,37.5,36.5,38.6,0.95,0.05,0.0,0.7,0.03,2,1785413962.788028,True,True,True,False,1785413940.2163653,False,True,1,0,False
1784849457.3002179,20,1785413972.7670932,37.481116960402844,0.6300129701686121,37.11795223926147,True,37.5,36.5,38.6,0.95,0.05,0.0,0.7,0.03,2,1785413982.7938256,True,True,True,False,1785413940.2163653,False,True,1,0,False
1784849457.3002179,20,1785413992.7732058,37.483787289234755,0.6297650110627909,37.091248950942244,True,37.5,36.5,38.6,0.95,0.05,0.0,0.7,0.03,2,1785414002.8005147,True,True,True,False,1785413940.2163653,False,True,1,0,False
1784849457.3002179,20,1785414012.779367,37.49713893339437,0.6298603799496452,37.11261158159762,True,37.5,36.5,38.6,0.95,0.05,0.0,0.7,0.03,2,1785414022.80715,True,True,True,False,1785413940.2163653,False,True,1,0,False
1784849457.3002179,20,1785414032.7855797,37.531853208209355,0.6296887159533074,37.14465552758068,True,37.5,36.5,38.6,0.95,0.05,0.0,0.7,0.03,2,1785414042.8128178,True,True,True,False,1785413940.2163653,False,1,0,0,False
1784849457.3002179,20,1785414052.7917032,37.56122682536049,0.6302990768291753,37.158007171740294,True,37.5,36.5,38.6,0.95,0.05,0.0,0.7,0.03,2,1785414062.8185387,True,True,True,False,1785413940.2163653,False,1,0,0,False
1784849457.3002179,20,1785414072.7977839,37.550545510032805,0.6299366750591286,37.13664454108492,True,37.5,36.5,38.6,0.95,0.05,0.0,0.7,0.03,2,1785414082.8249853,True,True,True,False,1785413940.2163653,False,1,0,0,False
1784849457.3002179,20,1785414092.8038983,37.52918287937743,0.6298603799496452,37.12062256809338,True,37.5,36.5,38.6,0.95,0.05,0.0,0.7,0.03,2,1785414102.8306007,True,True,True,False,1785413940.2163653,False,1,0,0,False
1784849457.3002179,20,1785414112.8099718,37.52384222171359,0.6300320439459831,37.109941252765694,True,37.5,36.5,38.6,0.95,0.05,0.0,0.7,0.03,2,1785414122.837083,True,True,True,True,1785414120.2163923,False,1,0,0,False
1784849457.3002179,20,1785414132.8159394,37.483787289234755,0.6297650110627909,37.09391927977417,True,37.5,36.5,38.6,0.95,0.05,0.0,0.7,0.03,2,1785414142.8431532,True,True,True,False,1785414120.2163923,False,True,1,0,False
1784849457.3002179,20,1785414152.8220227,37.470435645075156,0.6300129701686121,37.08056763561456,True,37.5,36.5,38.6,0.95,0.05,0.0,0.7,0.03,2,1785414162.849012,True,True,True,False,1785414120.2163923,False,True,1,0,False
1784849457.3002179,20,1785414172.8281116,37.43305104142824,0.629612420843824,37.08590829327841,True,37.5,36.5,38.6,0.95,0.05,0.0,0.7,0.03,2,1785414182.855339,True,True,True,False,1785414120.2163923,False,True,1,0,False
1784849457.3002179,20,1785414192.8342803,37.47844663157092,0.6300701915007249,37.091248950942244,True,37.5,36.5,38.6,0.95,0.05,0.0,0.7,0.03,2,1785414202.8609552,True,False,True,False,1785414120.2163923,False,True,1,0,False
1784849457.3002179,20,1785414212.8403716,37.47577630273899,0.6299557488364995,37.08590829327841,True,37.5,36.5,38.6,0.95,0.05,0.0,0.7,0.03,2,1785414222.8676116,True,True,True,False,1785414120.2163923,False,True,1,0,False
1784849457.3002179,20,1785414232.8466537,37.483787289234755,0.6299557488364995,37.10727092393378,True,37.5,36.5,38.6,0.95,0.05,0.0,0.7,0.03,2,1785414242.8743865,True,True,True,False,1785414120.2163923,False,True,1,0,False
1784849457.3002179,20,1785414252.8543558,37.50247959105822,0.6296505683985656,37.09391927977417,True,37.5,36.5,38.6,0.95,0.05,0.0,0.7,0.03,2,1785414262.8834243,True,True,True,False,1785414120.2163923,False,1,0,0,False
1784849457.3002179,20,1785414272.8631492,37.555886167696656,0.6296887159533074,37.13130388342107,True,37.5,36.5,38.6,0.95,0.05,0.0,0.7,0.03,2,1785414282.8929932,True,False,True,False,1785414120.2163923,False,1,0,0,False
1784849457.3002179,20,1785414292.8720727,37.513160906385906,0.6297650110627909,37.10460059510186,True,37.5,36.5,38.6,0.95,0.05,0.0,0.7,0.03,2,1785414302.9023786,True,True,True,True,1785414300.2164133,False,1,0,0,False
1784849457.3002179,20,1785414312.8801012,37.470435645075156,0.6298222323949035,37.09391927977417,True,37.5,36.5,38.6,0.95,0.05,0.0,0.7,0.03,2,1785414322.9066422,True,True,True,False,1785414300.2164133,False,True,1,0,False
1784849457.3002179,20,1785414332.8862133,37.441062027924005,0.6296696421759366,37.05653467612726,True,37.5,36.5,38.6,0.95,0.05,0.0,0.7,0.03,2,1785414342.9133317,True,True,True,False,1785414300.2164133,False,True,1,0,False
1784849457.3002179,20,1785414352.8923593,37.44373235675593,0.6298413061722744,37.06454566262303,True,37.5,36.5,38.6,0.95,0.05,0.0,0.7,0.03,2,1785414362.91961,True,True,True,False,1785414300.2164133,False,True,1,0,False
1784849457.3002179,20,1785414372.898525,37.47577630273899,0.629898527504387,37.091248950942244,True,37.5,36.5,38.6,0.95,0.05,0.0,0.7,0.03,2,1785414382.925749,True,False,True,False,1785414300.2164133,False,True,1,0,False
1784849457.3002179,20,1785414392.9046533,37.51049057755398,0.6295170519569696,37.11261158159762,True,37.5,36.5,38.6,0.95,0.05,0.0,0.7,0.03,2,1785414402.9319232,True,True,True,False,1785414300.2164133,False,1,0,0,False
1784849457.3002179,20,1785414412.9109416,37.513160906385906,0.6298413061722744,37.10727092393378,True,37.5,36.5,38.6,0.95,0.05,0.0,0.7,0.03,2,1785414422.9383135,True,True,True,False,1785414300.2164133,False,1,0,0,False
1784849457.3002179,20,1785414432.9171932,37.50514991989013,0.6301083390554666,37.10727092393378,True,37.5,36.5,38.6,0.95,0.05,0.0,0.7,0.03,2,1785414442.9442637,True,True,True,False,1785414300.2164133,False,1,0,0,False
1784849457.3002179,20,1785414452.923257,37.49713893339437,0.6298413061722744,37.09391927977417,True,37.5,36.5,38.6,0.95,0.05,0.0,0.7,0.03,2,1785414462.9506662,True,True,True,False,1785414300.2164133,False,True,1,0,False
1784849457.3002179,20,1785414472.9293952,37.507820248722055,0.6299366750591286,37.109941252765694,True,37.5,36.5,38.6,0.95,0.05,0.0,0.7,0.03,2,1785414482.9566643,True,True,True,True,1785414480.2164183,False,1,0,0,False
1784849457.3002179,20,1785414492.9364297,37.507820248722055,0.6298222323949035,37.109941252765694,True,37.5,36.5,38.6,0.95,0.05,0.0,0.7,0.03,2,1785414502.9634767,True,True,True,False,1785414480.2164183,False,1,0,0,False
